LABEL,FRAME,Mean ch1
Label,Frame,Mean ch1
,,(counts)
ID8552,0.0,356.2162162162162
ID5394,0.0,1094.1081081081081
ID9657,0.0,1393.5945945945946
ID10453,0.0,554.5675675675676
ID6518,0.0,1139.7027027027027
ID3034,0.0,1119.3783783783783
ID7371,0.0,416.43243243243245
ID3830,0.0,717.3243243243244
ID8557,1.0,1111.945945945946
ID5406,1.0,960.8108108108108
ID9662,1.0,1085.6486486486488
ID10461,1.0,459.72972972972974
ID6524,1.0,955.0
ID3048,1.0,974.3243243243244
ID7375,1.0,1776.8918918918919
ID3836,1.0,619.7837837837837
ID8559,2.0,1015.8918918918919
ID5409,2.0,853.3243243243244
ID9664,2.0,906.0
ID10469,2.0,456.8918918918919
ID6527,2.0,806.918918918919
ID3050,2.0,888.1891891891892
ID7377,2.0,1612.5945945945946
ID3839,2.0,543.918918918919
ID8562,3.0,688.8918918918919
ID5416,3.0,680.3783783783783
ID9667,3.0,620.3513513513514
ID10471,3.0,408.3243243243243
ID6529,3.0,684.3243243243244
ID3052,3.0,739.5405405405405
ID7380,3.0,1117.162162162162
ID3845,3.0,454.5135135135135
ID8565,4.0,626.1891891891892
ID5423,4.0,641.2702702702703
ID9671,4.0,578.1621621621622
ID10473,4.0,359.8378378378378
ID6531,4.0,699.918918918919
ID3054,4.0,793.8378378378378
ID7384,4.0,957.4054054054054
ID3849,4.0,468.94594594594594
ID8569,5.0,512.027027027027
ID5430,5.0,598.8378378378378
ID9674,5.0,520.1891891891892
ID10475,5.0,372.35135135135135
ID6534,5.0,617.4054054054054
ID3056,5.0,705.4594594594595
ID7386,5.0,770.0540540540541
ID3854,5.0,413.7027027027027
ID8573,6.0,934.5675675675676
ID5432,6.0,578.7837837837837
ID9676,6.0,519.9459459459459
ID10477,6.0,359.4594594594595
ID6536,6.0,663.7297297297297
ID3059,6.0,1644.2432432432433
ID7389,6.0,1875.6216216216217
ID3856,6.0,1168.6486486486488
ID8578,7.0,658.972972972973
ID5434,7.0,551.918918918919
ID9678,7.0,555.1351351351351
ID10479,7.0,384.43243243243245
ID6539,7.0,625.6486486486486
ID3061,7.0,1182.8918918918919
ID7392,7.0,1242.2702702702702
ID3859,7.0,787.0540540540541
ID8581,8.0,961.3513513513514
ID5436,8.0,543.7567567567568
ID9680,8.0,569.081081081081
ID10481,8.0,392.5945945945946
ID6541,8.0,628.5405405405405
ID3063,8.0,1159.8648648648648
ID7396,8.0,1366.1351351351352
ID3862,8.0,714.9459459459459
ID8584,9.0,869.6486486486486
ID5438,9.0,1433.8918918918919
ID9682,9.0,575.4594594594595
ID10483,9.0,391.2432432432432
ID6543,9.0,1362.8648648648648
ID3066,9.0,1801.4054054054054
ID7398,9.0,1258.6756756756756
ID3865,9.0,1265.945945945946
ID8586,10.0,750.1081081081081
ID5440,10.0,1300.081081081081
ID9684,10.0,588.7837837837837
ID10485,10.0,400.97297297297297
ID6546,10.0,1139.2972972972973
ID3068,10.0,1493.6216216216217
ID7400,10.0,1117.4594594594594
ID3868,10.0,953.6486486486486
ID8588,11.0,651.2702702702703
ID5446,11.0,1126.4054054054054
ID9686,11.0,596.972972972973
ID10487,11.0,403.1621621621622
ID6548,11.0,927.1351351351351
ID3070,11.0,1230.081081081081
ID7402,11.0,900.8108108108108
ID3871,11.0,765.3243243243244
ID8590,12.0,552.7567567567568
ID5453,12.0,946.4864864864865
ID9688,12.0,605.7567567567568
ID10489,12.0,405.2162162162162
ID6550,12.0,819.0540540540541
ID3072,12.0,1078.162162162162
ID7404,12.0,743.1081081081081
ID3874,12.0,709.2702702702703
ID8594,13.0,462.7837837837838
ID5457,13.0,827.5405405405405
ID9690,13.0,565.2162162162163
ID10491,13.0,397.13513513513516
ID6552,13.0,757.1621621621622
ID3074,13.0,998.3783783783783
ID7406,13.0,620.1621621621622
ID3877,13.0,602.6486486486486
ID8598,14.0,401.4054054054054
ID5460,14.0,667.918918918919
ID9692,14.0,559.4594594594595
ID10493,14.0,399.4594594594595
ID6554,14.0,699.7297297297297
ID3076,14.0,912.8108108108108
ID7408,14.0,560.027027027027
ID3880,14.0,537.972972972973
ID8604,15.0,975.1081081081081
ID5462,15.0,658.972972972973
ID9694,15.0,562.027027027027
ID10495,15.0,402.27027027027026
ID6556,15.0,673.7027027027027
ID3079,15.0,1591.5945945945946
ID7411,15.0,1401.5405405405406
ID3883,15.0,1205.8108108108108
ID8607,16.0,763.4864864864865
ID5465,16.0,604.4864864864865
ID9696,16.0,559.3243243243244
ID10497,16.0,405.86486486486484
ID6558,16.0,660.8378378378378
ID3081,16.0,1392.4864864864865
ID7413,16.0,1075.2972972972973
ID3886,16.0,977.6216216216217
ID8610,17.0,703.4054054054054
ID5468,17.0,608.8108108108108
ID9698,17.0,538.027027027027
ID10499,17.0,416.64864864864865
ID6560,17.0,677.1081081081081
ID3083,17.0,1161.2702702702702
ID7415,17.0,909.7837837837837
ID3889,17.0,757.0540540540541
ID8614,18.0,790.7837837837837
ID5470,18.0,603.3243243243244
ID9700,18.0,542.8918918918919
ID10501,18.0,390.8378378378378
ID6562,18.0,707.8108108108108
ID3085,18.0,1008.3243243243244
ID7417,18.0,1095.1351351351352
ID3892,18.0,655.918918918919
ID8618,19.0,639.3783783783783
ID5473,19.0,597.6216216216217
ID9702,19.0,526.2702702702703
ID10503,19.0,366.3243243243243
ID6564,19.0,686.5405405405405
ID3088,19.0,1733.2702702702702
ID7419,19.0,868.6756756756756
ID3895,19.0,1210.2972972972973
ID8623,20.0,483.2162162162162
ID5476,20.0,716.8108108108108
ID9704,20.0,446.35135135135135
ID10505,20.0,351.97297297297297
ID6566,20.0,1063.1081081081081
ID3091,20.0,1148.5945945945946
ID7421,20.0,648.972972972973
ID3900,20.0,823.7567567567568
ID8626,21.0,600.6216216216217
ID5479,21.0,626.6486486486486
ID9706,21.0,563.1621621621622
ID10507,21.0,397.18918918918916
ID6568,21.0,1055.5405405405406
ID3097,21.0,1937.3243243243244
ID7424,21.0,737.1081081081081
ID3903,21.0,1248.3513513513512
ID8628,22.0,718.8108108108108
ID5481,22.0,626.5945945945946
ID9708,22.0,530.7297297297297
ID10509,22.0,417.97297297297297
ID6570,22.0,818.4324324324324
ID3099,22.0,1397.8918918918919
ID7426,22.0,1071.2702702702702
ID3908,22.0,960.4054054054054
ID8630,23.0,608.6486486486486
ID5484,23.0,600.0
ID9710,23.0,592.0540540540541
ID10511,23.0,406.4594594594595
ID6572,23.0,775.1621621621622
ID3101,23.0,1338.6216216216217
ID7428,23.0,868.027027027027
ID3912,23.0,778.8648648648649
ID8634,24.0,476.7567567567568
ID5486,24.0,580.5135135135135
ID9712,24.0,538.081081081081
ID10513,24.0,397.86486486486484
ID6574,24.0,703.1891891891892
ID3103,24.0,1003.027027027027
ID7430,24.0,643.2432432432432
ID3917,24.0,615.7297297297297
ID8640,25.0,446.4054054054054
ID5489,25.0,604.918918918919
ID9714,25.0,558.8378378378378
ID10515,25.0,397.4054054054054
ID6576,25.0,740.8648648648649
ID3105,25.0,991.2162162162163
ID7432,25.0,619.8108108108108
ID3921,25.0,576.027027027027
ID8643,26.0,1017.8648648648649
ID5492,26.0,601.8648648648649
ID9716,26.0,518.3513513513514
ID10517,26.0,374.2162162162162
ID6578,26.0,718.2432432432432
ID3107,26.0,893.8108108108108
ID7435,26.0,1383.4324324324325
ID3924,26.0,581.1351351351351
ID8645,27.0,813.5945945945946
ID5495,27.0,619.5675675675676
ID9718,27.0,560.972972972973
ID10519,27.0,361.5945945945946
ID6580,27.0,727.7027027027027
ID3109,27.0,903.3513513513514
ID7437,27.0,1271.972972972973
ID3927,27.0,561.972972972973
ID8647,28.0,659.4594594594595
ID5498,28.0,629.081081081081
ID9720,28.0,539.5945945945946
ID10521,28.0,355.4594594594595
ID6582,28.0,746.081081081081
ID3111,28.0,891.2432432432432
ID7439,28.0,980.027027027027
ID3930,28.0,711.8648648648649
ID8651,29.0,503.2432432432432
ID5500,29.0,612.2432432432432
ID9723,29.0,1715.7567567567567
ID10523,29.0,1214.1351351351352
ID6584,29.0,711.081081081081
ID3113,29.0,729.4864864864865
ID7441,29.0,716.3243243243244
ID3933,29.0,550.2162162162163
ID8658,30.0,482.1081081081081
ID5503,30.0,632.3783783783783
ID9725,30.0,1417.7027027027027
ID10528,30.0,938.8108108108108
ID6586,30.0,780.7297297297297
ID3115,30.0,761.4324324324324
ID7443,30.0,644.4594594594595
ID3935,30.0,506.9189189189189
ID8661,31.0,842.1621621621622
ID5505,31.0,598.4324324324324
ID9727,31.0,1002.5675675675676
ID10533,31.0,655.9459459459459
ID6588,31.0,647.1891891891892
ID3117,31.0,634.3783783783783
ID7445,31.0,1128.945945945946
ID3938,31.0,418.7567567567568
ID8664,32.0,719.9459459459459
ID5508,32.0,555.6216216216217
ID9729,32.0,834.1351351351351
ID10535,32.0,528.2162162162163
ID6590,32.0,630.1621621621622
ID3119,32.0,641.6756756756756
ID7447,32.0,880.8648648648649
ID3941,32.0,415.4594594594595
ID8666,33.0,596.7567567567568
ID5511,33.0,568.2162162162163
ID9731,33.0,1345.945945945946
ID10537,33.0,644.1351351351351
ID6592,33.0,636.2162162162163
ID3121,33.0,680.8108108108108
ID7449,33.0,686.3513513513514
ID3944,33.0,443.35135135135135
ID8668,34.0,535.9459459459459
ID5513,34.0,576.4324324324324
ID9733,34.0,1041.3243243243244
ID10539,34.0,504.9189189189189
ID6594,34.0,607.6216216216217
ID3123,34.0,1718.4054054054054
ID7451,34.0,574.1621621621622
ID3947,34.0,1222.6216216216217
ID8670,35.0,479.6216216216216
ID5516,35.0,1904.4054054054054
ID9735,35.0,869.1351351351351
ID10541,35.0,415.3243243243243
ID6596,35.0,1242.8918918918919
ID3125,35.0,1467.162162162162
ID7454,35.0,526.2432432432432
ID3950,35.0,916.027027027027
ID8676,36.0,384.6216216216216
ID5518,36.0,1234.972972972973
ID9737,36.0,663.9459459459459
ID10543,36.0,401.27027027027026
ID6600,36.0,1047.2162162162163
ID3129,36.0,1054.1891891891892
ID7456,36.0,433.0810810810811
ID3955,36.0,739.5135135135135
ID8680,37.0,368.3243243243243
ID5521,37.0,1233.5945945945946
ID9739,37.0,641.3513513513514
ID10545,37.0,382.5135135135135
ID6606,37.0,883.8918918918919
ID3133,37.0,1149.3243243243244
ID7458,37.0,439.43243243243245
ID3959,37.0,724.2162162162163
ID8683,38.0,989.081081081081
ID5524,38.0,1054.972972972973
ID9741,38.0,595.7567567567568
ID10547,38.0,387.4054054054054
ID6609,38.0,845.4864864864865
ID3136,38.0,1649.054054054054
ID7461,38.0,1360.945945945946
ID3962,38.0,1118.5675675675675
ID8686,39.0,724.0540540540541
ID5527,39.0,964.027027027027
ID9743,39.0,575.3243243243244
ID10549,39.0,370.72972972972974
ID6612,39.0,799.5135135135135
ID3138,39.0,1497.5405405405406
ID7463,39.0,1029.4054054054054
ID3965,39.0,1047.2432432432433
ID8689,40.0,501.81081081081084
ID5529,40.0,859.2702702702703
ID9745,40.0,492.05405405405406
ID10551,40.0,370.81081081081084
ID6615,40.0,806.5945945945946
ID3140,40.0,1522.3783783783783
ID7465,40.0,712.6756756756756
ID3970,40.0,851.2972972972973
ID8692,41.0,489.72972972972974
ID5533,41.0,821.7837837837837
ID9747,41.0,532.8378378378378
ID10553,41.0,360.9189189189189
ID6619,41.0,754.3243243243244
ID3142,41.0,1465.4594594594594
ID7467,41.0,629.7837837837837
ID3974,41.0,992.2702702702703
ID8694,42.0,438.05405405405406
ID5536,42.0,768.3513513513514
ID9749,42.0,513.918918918919
ID10555,42.0,346.8378378378378
ID6622,42.0,730.2702702702703
ID3144,42.0,1384.837837837838
ID7469,42.0,541.1621621621622
ID3977,42.0,851.4864864864865
ID8697,43.0,376.4054054054054
ID5538,43.0,725.4864864864865
ID9751,43.0,470.8918918918919
ID10557,43.0,339.2972972972973
ID6624,43.0,657.3783783783783
ID3146,43.0,1300.7837837837837
ID7471,43.0,440.7567567567568
ID3980,43.0,1047.3243243243244
ID8701,44.0,346.5405405405405
ID5541,44.0,662.4594594594595
ID9753,44.0,485.1621621621622
ID10559,44.0,349.02702702702703
ID6627,44.0,660.7297297297297
ID3148,44.0,1134.837837837838
ID7473,44.0,412.4054054054054
ID3983,44.0,886.3513513513514
ID8704,45.0,331.6756756756757
ID5544,45.0,657.081081081081
ID9755,45.0,506.2162162162162
ID10561,45.0,362.6756756756757
ID6629,45.0,674.5405405405405
ID3150,45.0,978.1891891891892
ID7475,45.0,391.8378378378378
ID3986,45.0,729.9459459459459
ID8707,46.0,357.6216216216216
ID5547,46.0,617.5135135135135
ID9757,46.0,565.3243243243244
ID10563,46.0,381.72972972972974
ID6632,46.0,665.2162162162163
ID3153,46.0,1508.027027027027
ID7478,46.0,412.43243243243245
ID3989,46.0,1027.3783783783783
ID8711,47.0,362.18918918918916
ID5549,47.0,2240.108108108108
ID9759,47.0,583.2972972972973
ID10565,47.0,372.94594594594594
ID6634,47.0,1433.3243243243244
ID3155,47.0,1329.1081081081081
ID7481,47.0,417.9189189189189
ID3992,47.0,814.6216216216217
ID8715,48.0,363.94594594594594
ID5552,48.0,1845.945945945946
ID9761,48.0,564.0540540540541
ID10567,48.0,354.7837837837838
ID6637,48.0,1397.1081081081081
ID3157,48.0,1162.0
ID7483,48.0,412.5405405405405
ID3995,48.0,677.8108108108108
ID8721,49.0,924.6216216216217
ID5554,49.0,1389.7837837837837
ID9763,49.0,536.5945945945946
ID10569,49.0,376.8918918918919
ID6641,49.0,1020.0540540540541
ID3159,49.0,1092.5405405405406
ID7486,49.0,1402.837837837838
ID4000,49.0,779.7837837837837
ID8724,50.0,862.7837837837837
ID5557,50.0,1249.4324324324325
ID9765,50.0,570.7027027027027
ID10571,50.0,384.5405405405405
ID6644,50.0,849.2432432432432
ID3162,50.0,1497.1081081081081
ID7488,50.0,1169.1891891891892
ID4003,50.0,970.5675675675676
ID8729,51.0,604.1351351351351
ID5559,51.0,1004.2432432432432
ID9767,51.0,520.8378378378378
ID10573,51.0,378.56756756756755
ID6646,51.0,788.7567567567568
ID3164,51.0,1092.945945945946
ID7490,51.0,813.027027027027
ID4008,51.0,651.5945945945946
ID8732,52.0,557.7027027027027
ID5563,52.0,2048.4324324324325
ID9769,52.0,591.5405405405405
ID10575,52.0,379.86486486486484
ID6650,52.0,1301.4594594594594
ID3166,52.0,1212.1891891891892
ID7492,52.0,700.1351351351351
ID4011,52.0,730.7837837837837
ID8736,53.0,888.2972972972973
ID5565,53.0,1358.972972972973
ID9771,53.0,501.72972972972974
ID10577,53.0,362.7567567567568
ID6652,53.0,1118.7567567567567
ID3168,53.0,1611.3783783783783
ID7494,53.0,968.9459459459459
ID4017,53.0,968.8108108108108
ID8739,54.0,723.1351351351351
ID5568,54.0,1205.8648648648648
ID9773,54.0,501.8378378378378
ID10579,54.0,367.18918918918916
ID6655,54.0,977.7297297297297
ID3170,54.0,1370.7297297297298
ID7496,54.0,762.081081081081
ID4020,54.0,975.3513513513514
ID8741,55.0,630.7297297297297
ID5572,55.0,1066.5675675675675
ID9775,55.0,557.1351351351351
ID10581,55.0,381.6216216216216
ID6658,55.0,849.0540540540541
ID3172,55.0,1207.918918918919
ID7498,55.0,637.5945945945946
ID4023,55.0,789.5135135135135
ID8744,56.0,487.5945945945946
ID5574,56.0,1000.972972972973
ID9777,56.0,505.3783783783784
ID10583,56.0,369.9189189189189
ID6660,56.0,817.6216216216217
ID3174,56.0,912.8108108108108
ID7500,56.0,537.2972972972973
ID4028,56.0,564.8108108108108
ID8747,57.0,437.02702702702703
ID5578,57.0,971.7297297297297
ID9779,57.0,514.3783783783783
ID10585,57.0,358.97297297297297
ID6663,57.0,1020.3513513513514
ID3176,57.0,990.2702702702703
ID7502,57.0,493.8378378378378
ID4031,57.0,585.3783783783783
ID8750,58.0,375.4594594594595
ID5580,58.0,818.7027027027027
ID9781,58.0,473.7567567567568
ID10587,58.0,345.5135135135135
ID6665,58.0,814.3243243243244
ID3178,58.0,808.081081081081
ID7504,58.0,422.3783783783784
ID4036,58.0,493.72972972972974
ID8753,59.0,365.02702702702703
ID5583,59.0,810.7297297297297
ID9783,59.0,510.81081081081084
ID10589,59.0,378.43243243243245
ID6667,59.0,765.3783783783783
ID3180,59.0,761.918918918919
ID7506,59.0,418.6756756756757
ID4040,59.0,398.2162162162162
ID8757,60.0,328.8918918918919
ID5586,60.0,728.8108108108108
ID9785,60.0,519.8918918918919
ID10591,60.0,372.94594594594594
ID6669,60.0,724.6486486486486
ID3182,60.0,728.5945945945946
ID7508,60.0,398.5405405405405
ID4044,60.0,378.8918918918919
ID8763,61.0,977.2972972972973
ID5590,61.0,662.7837837837837
ID9787,61.0,548.1891891891892
ID10593,61.0,359.81081081081084
ID6672,61.0,807.1891891891892
ID3184,61.0,738.9459459459459
ID7511,61.0,1171.2972972972973
ID4048,61.0,383.7837837837838
ID8769,62.0,659.4054054054054
ID5592,62.0,680.7297297297297
ID9789,62.0,521.7567567567568
ID10595,62.0,357.4594594594595
ID6674,62.0,788.027027027027
ID3186,62.0,632.5405405405405
ID7514,62.0,790.4324324324324
ID4052,62.0,332.6756756756757
ID8772,63.0,559.8378378378378
ID5595,63.0,696.8108108108108
ID9791,63.0,534.5135135135135
ID10597,63.0,359.72972972972974
ID6676,63.0,1144.3783783783783
ID3188,63.0,635.4864864864865
ID7518,63.0,656.2702702702703
ID4056,63.0,357.3243243243243
ID8775,64.0,464.7837837837838
ID5598,64.0,657.7567567567568
ID9793,64.0,526.9459459459459
ID10599,64.0,366.1621621621622
ID6678,64.0,976.6486486486486
ID3190,64.0,607.6216216216217
ID7520,64.0,522.5405405405405
ID4060,64.0,315.97297297297297
ID8777,65.0,413.4054054054054
ID5601,65.0,1785.7837837837837
ID9795,65.0,532.0
ID10601,65.0,379.3783783783784
ID6680,65.0,1352.7837837837837
ID3192,65.0,605.0
ID7522,65.0,467.6756756756757
ID4064,65.0,319.6216216216216
ID8779,66.0,368.9189189189189
ID5604,66.0,1447.2162162162163
ID9797,66.0,525.7297297297297
ID10603,66.0,382.72972972972974
ID6684,66.0,1145.1351351351352
ID3194,66.0,602.6216216216217
ID7524,66.0,411.13513513513516
ID4068,66.0,302.9189189189189
ID8782,67.0,358.2432432432432
ID5607,67.0,1347.081081081081
ID9799,67.0,531.8918918918919
ID10605,67.0,361.9189189189189
ID6687,67.0,1019.2432432432432
ID3196,67.0,664.6486486486486
ID7527,67.0,409.7567567567568
ID4072,67.0,358.35135135135135
ID8785,68.0,317.18918918918916
ID5609,68.0,946.4054054054054
ID9801,68.0,496.7837837837838
ID10607,68.0,366.86486486486484
ID6689,68.0,859.027027027027
ID3198,68.0,584.027027027027
ID7529,68.0,384.8378378378378
ID4076,68.0,319.05405405405406
ID8789,69.0,346.72972972972974
ID5613,69.0,854.3513513513514
ID9803,69.0,498.9189189189189
ID10609,69.0,372.6216216216216
ID6692,69.0,832.7567567567568
ID3200,69.0,642.3783783783783
ID7532,69.0,397.9189189189189
ID4080,69.0,335.7837837837838
ID8793,70.0,364.9189189189189
ID5617,70.0,783.1621621621622
ID9805,70.0,517.5405405405405
ID10611,70.0,384.94594594594594
ID6695,70.0,758.2162162162163
ID3202,70.0,625.918918918919
ID7535,70.0,404.43243243243245
ID4083,70.0,347.05405405405406
ID8797,71.0,339.6216216216216
ID5619,71.0,678.2972972972973
ID9808,71.0,422.5135135135135
ID10613,71.0,358.35135135135135
ID6698,71.0,642.081081081081
ID3204,71.0,582.3513513513514
ID7537,71.0,389.4054054054054
ID4086,71.0,336.9189189189189
ID8803,72.0,1029.972972972973
ID5622,72.0,624.1081081081081
ID9812,72.0,452.64864864864865
ID10615,72.0,354.4864864864865
ID6700,72.0,701.3513513513514
ID3206,72.0,1881.4324324324325
ID7540,72.0,1493.5135135135135
ID4089,72.0,1233.2162162162163
ID8806,73.0,681.027027027027
ID5624,73.0,604.4054054054054
ID9814,73.0,449.2432432432432
ID10617,73.0,355.3783783783784
ID6702,73.0,632.7027027027027
ID3208,73.0,1305.027027027027
ID7543,73.0,962.9459459459459
ID4094,73.0,723.2162162162163
ID4097,74.0,661.9459459459459
ID8809,74.0,580.081081081081
ID5627,74.0,593.8378378378378
ID9816,74.0,501.2162162162162
ID10619,74.0,368.86486486486484
ID6704,74.0,620.5135135135135
ID3210,74.0,1137.8648648648648
ID7547,74.0,794.8378378378378
ID4100,75.0,560.4864864864865
ID8811,75.0,688.081081081081
ID5630,75.0,1440.918918918919
ID9818,75.0,503.72972972972974
ID10621,75.0,369.86486486486484
ID6707,75.0,1169.6486486486488
ID3212,75.0,983.5135135135135
ID7549,75.0,917.6486486486486
ID4103,76.0,527.7297297297297
ID8814,76.0,611.1621621621622
ID5634,76.0,1208.1081081081081
ID9820,76.0,559.5945945945946
ID10623,76.0,387.3783783783784
ID6711,76.0,963.8918918918919
ID3214,76.0,977.4594594594595
ID7551,76.0,794.6216216216217
ID4107,77.0,424.0810810810811
ID8817,77.0,480.86486486486484
ID5636,77.0,953.8648648648649
ID9822,77.0,493.1621621621622
ID10625,77.0,380.7567567567568
ID6713,77.0,751.1351351351351
ID3216,77.0,777.1621621621622
ID7553,77.0,602.081081081081
ID4110,78.0,412.0
ID8820,78.0,431.7837837837838
ID5640,78.0,843.5675675675676
ID9825,78.0,553.7567567567568
ID10627,78.0,382.4864864864865
ID6715,78.0,720.4594594594595
ID3218,78.0,842.1891891891892
ID7555,78.0,530.2972972972973
ID4114,79.0,392.64864864864865
ID8823,79.0,399.7567567567568
ID5644,79.0,788.3783783783783
ID9827,79.0,550.2162162162163
ID10629,79.0,385.05405405405406
ID6719,79.0,721.8918918918919
ID3220,79.0,751.0540540540541
ID7557,79.0,451.13513513513516
ID4117,80.0,344.8378378378378
ID8830,80.0,344.3783783783784
ID5646,80.0,730.0540540540541
ID9829,80.0,498.64864864864865
ID10631,80.0,378.43243243243245
ID6722,80.0,642.081081081081
ID3222,80.0,614.6216216216217
ID7559,80.0,387.72972972972974
ID4121,81.0,311.2162162162162
ID8834,81.0,342.4054054054054
ID5649,81.0,653.4594594594595
ID9831,81.0,498.3243243243243
ID10633,81.0,367.86486486486484
ID6724,81.0,652.3513513513514
ID3224,81.0,629.0540540540541
ID7561,81.0,382.97297297297297
ID4125,82.0,297.13513513513516
ID8838,82.0,335.35135135135135
ID5652,82.0,598.1351351351351
ID9833,82.0,498.94594594594594
ID10635,82.0,362.13513513513516
ID6727,82.0,619.8648648648649
ID3226,82.0,612.4864864864865
ID7563,82.0,360.7837837837838
ID4128,83.0,303.13513513513516
ID8841,83.0,346.1621621621622
ID5654,83.0,562.0
ID9835,83.0,450.4864864864865
ID10637,83.0,321.18918918918916
ID6729,83.0,586.4594594594595
ID3228,83.0,607.027027027027
ID7565,83.0,368.9189189189189
ID4131,84.0,628.1891891891892
ID8843,84.0,347.94594594594594
ID5657,84.0,539.081081081081
ID9837,84.0,395.18918918918916
ID10639,84.0,308.81081081081084
ID6731,84.0,577.081081081081
ID3230,84.0,890.4864864864865
ID7568,84.0,359.64864864864865
ID4134,85.0,825.3243243243244
ID8845,85.0,362.7567567567568
ID5660,85.0,516.2702702702703
ID9839,85.0,542.2972972972973
ID10641,85.0,382.4054054054054
ID6733,85.0,538.7837837837837
ID3232,85.0,1270.5405405405406
ID7571,85.0,375.1081081081081
ID4137,86.0,655.6486486486486
ID8847,86.0,358.4054054054054
ID5663,86.0,528.8648648648649
ID9841,86.0,542.7837837837837
ID10643,86.0,382.81081081081084
ID6735,86.0,596.081081081081
ID3234,86.0,1095.8648648648648
ID7574,86.0,362.02702702702703
ID4140,87.0,544.7567567567568
ID8849,87.0,365.5135135135135
ID5666,87.0,544.1351351351351
ID9843,87.0,534.918918918919
ID10645,87.0,357.4594594594595
ID6737,87.0,568.6756756756756
ID3236,87.0,969.4324324324324
ID7577,87.0,355.72972972972974
ID4143,88.0,517.4864864864865
ID8851,88.0,359.3243243243243
ID5669,88.0,555.5405405405405
ID9845,88.0,630.1081081081081
ID10647,88.0,388.2972972972973
ID6739,88.0,610.4864864864865
ID3238,88.0,1012.4594594594595
ID7580,88.0,371.2432432432432
ID4148,89.0,479.56756756756755
ID8853,89.0,365.05405405405406
ID5671,89.0,559.5405405405405
ID9847,89.0,596.8648648648649
ID10649,89.0,415.5945945945946
ID6742,89.0,601.8918918918919
ID3240,89.0,801.6756756756756
ID7582,89.0,374.5135135135135
ID4155,90.0,454.7567567567568
ID8856,90.0,398.3243243243243
ID5674,90.0,582.7297297297297
ID9849,90.0,598.6216216216217
ID10651,90.0,440.6216216216216
ID6744,90.0,700.7297297297297
ID3242,90.0,809.2702702702703
ID7585,90.0,392.6756756756757
ID4160,91.0,479.64864864864865
ID8859,91.0,390.2972972972973
ID5677,91.0,639.8108108108108
ID9851,91.0,608.2162162162163
ID10653,91.0,440.81081081081084
ID6746,91.0,738.6486486486486
ID3244,91.0,767.972972972973
ID7588,91.0,400.81081081081084
ID4165,92.0,405.81081081081084
ID8862,92.0,435.81081081081084
ID5680,92.0,619.081081081081
ID9854,92.0,699.0
ID10655,92.0,466.18918918918916
ID6748,92.0,799.8108108108108
ID3246,92.0,841.027027027027
ID7592,92.0,418.6216216216216
ID4169,93.0,389.0810810810811
ID8865,93.0,479.9189189189189
ID5683,93.0,665.918918918919
ID9857,93.0,704.2432432432432
ID10657,93.0,465.35135135135135
ID6750,93.0,822.2972972972973
ID3248,93.0,826.027027027027
ID7595,93.0,439.4864864864865
ID4173,94.0,384.5135135135135
ID8868,94.0,495.72972972972974
ID5686,94.0,684.7027027027027
ID9859,94.0,747.5675675675676
ID10659,94.0,447.72972972972974
ID6752,94.0,842.5945945945946
ID3250,94.0,795.4054054054054
ID7598,94.0,461.7567567567568
ID4179,95.0,396.05405405405406
ID8870,95.0,457.5945945945946
ID5688,95.0,661.6756756756756
ID9861,95.0,645.8918918918919
ID10663,95.0,445.05405405405406
ID6754,95.0,726.7837837837837
ID3252,95.0,657.027027027027
ID7601,95.0,438.43243243243245
ID4182,96.0,358.02702702702703
ID8873,96.0,497.7837837837838
ID5691,96.0,690.4054054054054
ID9864,96.0,764.6216216216217
ID10665,96.0,452.35135135135135
ID6756,96.0,802.6756756756756
ID3254,96.0,757.3513513513514
ID7605,96.0,471.97297297297297
ID4185,97.0,345.94594594594594
ID8875,97.0,489.6756756756757
ID5694,97.0,707.081081081081
ID9866,97.0,736.4594594594595
ID10667,97.0,456.1081081081081
ID6759,97.0,810.1081081081081
ID3256,97.0,752.7567567567568
ID7609,97.0,482.02702702702703
ID4191,98.0,347.5945945945946
ID8877,98.0,456.3243243243243
ID5696,98.0,720.972972972973
ID9868,98.0,662.0
ID10669,98.0,455.56756756756755
ID6761,98.0,760.4324324324324
ID3258,98.0,615.2702702702703
ID7612,98.0,442.27027027027026
ID4194,99.0,319.13513513513516
ID8880,99.0,495.7027027027027
ID5699,99.0,734.6486486486486
ID9870,99.0,730.9459459459459
ID10671,99.0,457.3243243243243
ID6763,99.0,850.3243243243244
ID3260,99.0,700.6216216216217
ID7615,99.0,470.9189189189189
ID4197,100.0,313.9189189189189
ID8882,100.0,504.5945945945946
ID5702,100.0,735.5945945945946
ID9872,100.0,733.7297297297297
ID10673,100.0,462.0810810810811
ID6765,100.0,855.7027027027027
ID3262,100.0,715.5135135135135
ID7618,100.0,484.94594594594594
ID4203,101.0,354.8918918918919
ID8884,101.0,455.4864864864865
ID5704,101.0,696.7027027027027
ID9874,101.0,674.4054054054054
ID10675,101.0,470.1081081081081
ID6767,101.0,776.5405405405405
ID3264,101.0,602.3783783783783
ID7622,101.0,444.02702702702703
ID4206,102.0,310.0810810810811
ID8886,102.0,474.86486486486484
ID5707,102.0,714.5135135135135
ID9876,102.0,644.5945945945946
ID10677,102.0,471.1621621621622
ID6769,102.0,770.1621621621622
ID3266,102.0,630.0
ID7625,102.0,455.18918918918916
ID4210,103.0,317.02702702702703
ID8888,103.0,509.9189189189189
ID5710,103.0,720.8378378378378
ID9878,103.0,740.027027027027
ID10679,103.0,468.94594594594594
ID6771,103.0,860.6486486486486
ID3268,103.0,686.4594594594595
ID7628,103.0,484.3783783783784
ID4213,104.0,316.72972972972974
ID8890,104.0,505.5945945945946
ID5713,104.0,728.5135135135135
ID9880,104.0,763.5405405405405
ID10681,104.0,443.81081081081084
ID6773,104.0,877.1621621621622
ID3270,104.0,685.5135135135135
ID7632,104.0,469.64864864864865
ID4217,105.0,290.3783783783784
ID8892,105.0,471.0810810810811
ID5715,105.0,700.2972972972973
ID9882,105.0,671.3783783783783
ID10685,105.0,429.64864864864865
ID6775,105.0,772.4054054054054
ID3272,105.0,590.2702702702703
ID7635,105.0,461.2432432432432
ID4223,106.0,288.6756756756757
ID8894,106.0,481.5135135135135
ID5718,106.0,724.4864864864865
ID9884,106.0,658.8378378378378
ID10687,106.0,446.86486486486484
ID6777,106.0,805.4324324324324
ID3274,106.0,606.1621621621622
ID7638,106.0,462.72972972972974
ID4231,107.0,287.0810810810811
ID8896,107.0,471.94594594594594
ID5721,107.0,719.4054054054054
ID9886,107.0,691.972972972973
ID10689,107.0,447.7837837837838
ID6779,107.0,808.7567567567568
ID3276,107.0,610.2432432432432
ID7641,107.0,455.4054054054054
ID4235,108.0,294.05405405405406
ID8898,108.0,475.2432432432432
ID5724,108.0,716.4054054054054
ID9888,108.0,668.6216216216217
ID10691,108.0,447.3783783783784
ID6781,108.0,799.4864864864865
ID3278,108.0,610.7567567567568
ID7644,108.0,463.6756756756757
ID4241,109.0,315.0
ID8900,109.0,473.5945945945946
ID5727,109.0,707.9459459459459
ID9890,109.0,652.1891891891892
ID10693,109.0,447.27027027027026
ID6783,109.0,809.4594594594595
ID3280,109.0,616.7027027027027
ID7647,109.0,465.35135135135135
ID4244,110.0,319.7567567567568
ID8902,110.0,478.18918918918916
ID5730,110.0,699.7297297297297
ID9892,110.0,668.6486486486486
ID10695,110.0,453.64864864864865
ID6785,110.0,809.1351351351351
ID3282,110.0,616.7027027027027
ID7650,110.0,468.2972972972973
ID4248,111.0,337.9189189189189
ID8904,111.0,485.2432432432432
ID5733,111.0,689.5945945945946
ID9894,111.0,659.1891891891892
ID10697,111.0,472.1081081081081
ID6787,111.0,785.081081081081
ID3284,111.0,610.3243243243244
ID7653,111.0,456.3783783783784
ID4251,112.0,355.3783783783784
ID8906,112.0,488.9189189189189
ID5736,112.0,691.1351351351351
ID9896,112.0,686.4864864864865
ID10699,112.0,461.8378378378378
ID6789,112.0,780.6756756756756
ID3286,112.0,614.0
ID7656,112.0,464.02702702702703
ID4254,113.0,321.5135135135135
ID8908,113.0,522.6486486486486
ID5739,113.0,739.2972972972973
ID9898,113.0,685.2972972972973
ID10701,113.0,473.1081081081081
ID6791,113.0,850.7837837837837
ID3288,113.0,668.918918918919
ID7659,113.0,485.8378378378378
ID4257,114.0,336.4864864864865
ID8910,114.0,481.02702702702703
ID5741,114.0,718.1891891891892
ID9900,114.0,670.5675675675676
ID10703,114.0,460.81081081081084
ID6794,114.0,766.5135135135135
ID3290,114.0,584.1351351351351
ID7663,114.0,461.64864864864865
ID4260,115.0,316.13513513513516
ID8912,115.0,497.2432432432432
ID5744,115.0,680.2162162162163
ID9903,115.0,702.972972972973
ID10705,115.0,461.4054054054054
ID6796,115.0,796.6756756756756
ID3292,115.0,598.4054054054054
ID7666,115.0,479.3243243243243
ID4264,116.0,302.4054054054054
ID8914,116.0,494.56756756756755
ID5747,116.0,678.4864864864865
ID9905,116.0,700.2432432432432
ID10707,116.0,460.3243243243243
ID6798,116.0,799.5135135135135
ID3294,116.0,586.6216216216217
ID7670,116.0,471.4054054054054
ID4267,117.0,301.1081081081081
ID8916,117.0,521.972972972973
ID5750,117.0,732.918918918919
ID9908,117.0,758.081081081081
ID10709,117.0,531.1621621621622
ID6800,117.0,854.2432432432432
ID3296,117.0,640.0540540540541
ID7673,117.0,488.64864864864865
ID4270,118.0,307.6216216216216
ID8918,118.0,472.81081081081084
ID5752,118.0,700.1351351351351
ID9910,118.0,700.0540540540541
ID10711,118.0,502.7837837837838
ID6803,118.0,747.918918918919
ID3298,118.0,551.3243243243244
ID7677,118.0,456.3783783783784
ID4273,119.0,301.56756756756755
ID8920,119.0,509.8378378378378
ID5755,119.0,743.027027027027
ID9912,119.0,772.4324324324324
ID10713,119.0,517.7027027027027
ID6805,119.0,850.4864864864865
ID3300,119.0,607.4054054054054
ID7680,119.0,501.7837837837838
ID4279,120.0,288.81081081081084
ID8922,120.0,482.27027027027026
ID5757,120.0,705.2432432432432
ID9914,120.0,689.2432432432432
ID10717,120.0,465.94594594594594
ID6808,120.0,748.5945945945946
ID3302,120.0,568.8918918918919
ID7684,120.0,454.8378378378378
ID4282,121.0,273.94594594594594
ID8924,121.0,486.64864864864865
ID5760,121.0,677.4054054054054
ID9916,121.0,682.5135135135135
ID10719,121.0,464.86486486486484
ID6810,121.0,783.6486486486486
ID3304,121.0,587.5675675675676
ID7687,121.0,467.5405405405405
ID4285,122.0,283.5945945945946
ID8926,122.0,493.1621621621622
ID5763,122.0,684.8918918918919
ID9918,122.0,709.3783783783783
ID10721,122.0,453.86486486486484
ID6812,122.0,774.1891891891892
ID3306,122.0,586.3783783783783
ID7691,122.0,467.4594594594595
ID4289,123.0,289.9189189189189
ID8928,123.0,500.86486486486484
ID5766,123.0,701.6756756756756
ID9920,123.0,710.2702702702703
ID10723,123.0,449.0810810810811
ID6814,123.0,795.2972972972973
ID3308,123.0,592.5135135135135
ID7694,123.0,475.94594594594594
ID4293,124.0,281.81081081081084
ID8930,124.0,495.3783783783784
ID5769,124.0,708.5675675675676
ID9922,124.0,706.7567567567568
ID10725,124.0,438.72972972972974
ID6816,124.0,791.3513513513514
ID3310,124.0,615.7297297297297
ID7697,124.0,474.56756756756755
ID4297,125.0,277.86486486486484
ID8932,125.0,492.05405405405406
ID5772,125.0,701.5945945945946
ID9924,125.0,700.1351351351351
ID10727,125.0,431.2432432432432
ID6818,125.0,792.4054054054054
ID3312,125.0,610.1891891891892
ID7700,125.0,474.43243243243245
ID4301,126.0,282.56756756756755
ID8934,126.0,504.4054054054054
ID5775,126.0,707.8918918918919
ID9926,126.0,645.0540540540541
ID10729,126.0,467.43243243243245
ID6820,126.0,794.6486486486486
ID3314,126.0,614.8108108108108
ID7703,126.0,474.56756756756755
ID4305,127.0,269.8378378378378
ID8936,127.0,504.5945945945946
ID5778,127.0,704.2162162162163
ID9928,127.0,719.7297297297297
ID10731,127.0,461.86486486486484
ID6822,127.0,793.4594594594595
ID3316,127.0,616.918918918919
ID7706,127.0,462.9189189189189
ID4309,128.0,274.1081081081081
ID8938,128.0,507.8378378378378
ID5781,128.0,698.2162162162163
ID9930,128.0,723.1891891891892
ID10733,128.0,438.72972972972974
ID6824,128.0,792.8378378378378
ID3318,128.0,603.5675675675676
ID7709,128.0,483.9189189189189
ID4312,129.0,273.27027027027026
ID8940,129.0,507.0
ID5784,129.0,712.5675675675676
ID9932,129.0,716.1081081081081
ID10735,129.0,435.2972972972973
ID6826,129.0,810.0540540540541
ID3320,129.0,631.1081081081081
ID7713,129.0,477.86486486486484
ID4316,130.0,281.5945945945946
ID8942,130.0,505.2432432432432
ID5787,130.0,755.4594594594595
ID9934,130.0,713.027027027027
ID10737,130.0,444.1621621621622
ID6828,130.0,809.4054054054054
ID3322,130.0,628.9459459459459
ID7716,130.0,472.8918918918919
ID4320,131.0,273.7567567567568
ID8944,131.0,506.7027027027027
ID5790,131.0,746.081081081081
ID9936,131.0,708.0540540540541
ID10739,131.0,437.5945945945946
ID6830,131.0,797.2162162162163
ID3324,131.0,628.8918918918919
ID7719,131.0,477.7027027027027
ID4324,132.0,279.18918918918916
ID8946,132.0,502.7567567567568
ID5793,132.0,746.2432432432432
ID9938,132.0,700.027027027027
ID10741,132.0,435.3783783783784
ID6832,132.0,809.8378378378378
ID3326,132.0,631.1351351351351
ID7723,132.0,476.05405405405406
ID4328,133.0,277.13513513513516
ID8948,133.0,509.94594594594594
ID5796,133.0,726.3783783783783
ID9940,133.0,705.2432432432432
ID10743,133.0,427.1081081081081
ID6834,133.0,806.5405405405405
ID3328,133.0,620.1891891891892
ID7726,133.0,473.18918918918916
ID4332,134.0,285.86486486486484
ID8950,134.0,505.18918918918916
ID5799,134.0,738.3513513513514
ID9942,134.0,711.3243243243244
ID10745,134.0,432.5405405405405
ID6836,134.0,810.8648648648649
ID3330,134.0,608.3243243243244
ID7729,134.0,480.9189189189189
ID4336,135.0,271.56756756756755
ID8952,135.0,508.6756756756757
ID5802,135.0,729.7297297297297
ID9944,135.0,703.7567567567568
ID10747,135.0,424.1081081081081
ID6838,135.0,812.7297297297297
ID3332,135.0,611.5135135135135
ID7733,135.0,480.2972972972973
ID4340,136.0,269.0810810810811
ID8954,136.0,513.1891891891892
ID5805,136.0,723.4324324324324
ID9946,136.0,692.027027027027
ID10749,136.0,417.56756756756755
ID6840,136.0,803.6756756756756
ID3334,136.0,621.8648648648649
ID7736,136.0,480.02702702702703
ID4344,137.0,282.5135135135135
ID8956,137.0,513.5405405405405
ID5808,137.0,734.1891891891892
ID9948,137.0,691.6216216216217
ID10751,137.0,416.1081081081081
ID6842,137.0,805.2432432432432
ID3336,137.0,617.081081081081
ID7739,137.0,470.94594594594594
ID4348,138.0,271.43243243243245
ID8958,138.0,508.2972972972973
ID5811,138.0,717.0540540540541
ID9950,138.0,677.7837837837837
ID10753,138.0,425.02702702702703
ID6844,138.0,798.8648648648649
ID3338,138.0,613.918918918919
ID7742,138.0,476.0810810810811
ID4354,139.0,259.7837837837838
ID8960,139.0,491.81081081081084
ID5814,139.0,713.081081081081
ID9952,139.0,681.7027027027027
ID10755,139.0,425.3783783783784
ID6846,139.0,800.4864864864865
ID3340,139.0,619.081081081081
ID7745,139.0,471.81081081081084
ID4358,140.0,262.97297297297297
ID8962,140.0,502.2162162162162
ID5817,140.0,708.4594594594595
ID9954,140.0,684.5945945945946
ID10757,140.0,419.0810810810811
ID6848,140.0,798.7297297297297
ID3342,140.0,625.2432432432432
ID7749,140.0,474.56756756756755
ID4363,141.0,267.5945945945946
ID8964,141.0,504.81081081081084
ID5820,141.0,709.5675675675676
ID9956,141.0,688.9459459459459
ID10759,141.0,422.2432432432432
ID6850,141.0,795.027027027027
ID3344,141.0,629.7567567567568
ID7752,141.0,480.1081081081081
ID4367,142.0,266.2432432432432
ID8966,142.0,504.27027027027026
ID5823,142.0,711.3513513513514
ID9958,142.0,684.918918918919
ID10761,142.0,412.56756756756755
ID6852,142.0,799.1621621621622
ID3346,142.0,613.6756756756756
ID7756,142.0,481.35135135135135
ID4371,143.0,266.94594594594594
ID8968,143.0,508.5405405405405
ID5826,143.0,709.6486486486486
ID9960,143.0,694.081081081081
ID10763,143.0,413.97297297297297
ID6854,143.0,796.6756756756756
ID3348,143.0,619.972972972973
ID7760,143.0,482.1621621621622
ID4375,144.0,260.35135135135135
ID8970,144.0,509.2972972972973
ID5829,144.0,708.5675675675676
ID9962,144.0,682.4054054054054
ID10765,144.0,414.5135135135135
ID6856,144.0,771.972972972973
ID3350,144.0,617.1891891891892
ID7763,144.0,483.6756756756757
ID4378,145.0,286.2432432432432
ID8972,145.0,547.3243243243244
ID5832,145.0,717.7837837837837
ID9964,145.0,715.8918918918919
ID10767,145.0,420.7567567567568
ID6858,145.0,853.6216216216217
ID3352,145.0,665.2162162162163
ID7766,145.0,508.4864864864865
ID4385,146.0,280.4864864864865
ID8974,146.0,480.0
ID5834,146.0,688.3783783783783
ID9966,146.0,664.027027027027
ID10769,146.0,416.56756756756755
ID6860,146.0,787.2162162162163
ID3354,146.0,588.027027027027
ID7770,146.0,482.27027027027026
ID4389,147.0,267.5945945945946
ID8976,147.0,508.6216216216216
ID5837,147.0,708.6756756756756
ID9968,147.0,657.2702702702703
ID10771,147.0,408.7027027027027
ID6862,147.0,835.1621621621622
ID3356,147.0,602.972972972973
ID7773,147.0,484.5945945945946
ID4392,148.0,275.64864864864865
ID8978,148.0,492.1621621621622
ID5840,148.0,705.9459459459459
ID9970,148.0,690.7027027027027
ID10773,148.0,412.8378378378378
ID6864,148.0,851.1621621621622
ID3358,148.0,595.7027027027027
ID7776,148.0,478.8378378378378
ID4396,149.0,283.1081081081081
ID8980,149.0,536.7027027027027
ID5843,149.0,758.4324324324324
ID9972,149.0,698.7297297297297
ID10775,149.0,423.7027027027027
ID6866,149.0,922.7297297297297
ID3360,149.0,653.0
ID7779,149.0,513.2432432432432
ID4402,150.0,306.4594594594595
ID8982,150.0,494.5945945945946
ID5845,150.0,730.8378378378378
ID9974,150.0,647.9459459459459
ID10777,150.0,407.27027027027026
ID6869,150.0,826.8378378378378
ID3362,150.0,581.0
ID7783,150.0,465.02702702702703
ID4406,151.0,278.13513513513516
ID8985,151.0,545.3513513513514
ID5848,151.0,752.2432432432432
ID9976,151.0,695.1891891891892
ID10779,151.0,409.2972972972973
ID6871,151.0,891.4594594594595
ID3364,151.0,663.3783783783783
ID7786,151.0,502.0
ID4413,152.0,286.27027027027026
ID8987,152.0,501.56756756756755
ID5850,152.0,676.5135135135135
ID9978,152.0,640.3243243243244
ID10781,152.0,404.0810810810811
ID6874,152.0,814.1081081081081
ID3366,152.0,609.6756756756756
ID7790,152.0,468.6756756756757
ID4418,153.0,270.02702702702703
ID8989,153.0,507.43243243243245
ID5853,153.0,691.5405405405405
ID9980,153.0,591.5945945945946
ID10783,153.0,412.0
ID6876,153.0,850.0540540540541
ID3368,153.0,629.6756756756756
ID7793,153.0,488.3783783783784
ID4423,154.0,281.64864864864865
ID8992,154.0,538.6756756756756
ID5856,154.0,738.8918918918919
ID9982,154.0,697.5135135135135
ID10785,154.0,402.6756756756757
ID6878,154.0,917.8378378378378
ID3370,154.0,674.4324324324324
ID7796,154.0,520.3783783783783
ID4427,155.0,262.2432432432432
ID8994,155.0,498.86486486486484
ID5858,155.0,681.5405405405405
ID9985,155.0,626.8378378378378
ID10787,155.0,404.0
ID6880,155.0,797.1351351351351
ID3372,155.0,606.081081081081
ID7800,155.0,478.81081081081084
ID4431,156.0,271.1081081081081
ID8996,156.0,498.35135135135135
ID5861,156.0,693.9459459459459
ID9987,156.0,669.6486486486486
ID10789,156.0,408.27027027027026
ID6882,156.0,809.5405405405405
ID3374,156.0,623.4864864864865
ID7803,156.0,489.7837837837838
ID4436,157.0,273.35135135135135
ID8998,157.0,487.1621621621622
ID5864,157.0,688.7567567567568
ID9989,157.0,641.3513513513514
ID10791,157.0,399.4054054054054
ID6884,157.0,818.3513513513514
ID3376,157.0,625.7297297297297
ID7806,157.0,487.18918918918916
ID4439,158.0,269.9189189189189
ID9000,158.0,496.86486486486484
ID5867,158.0,690.7837837837837
ID9991,158.0,644.5675675675676
ID10796,158.0,400.6216216216216
ID6886,158.0,824.2972972972973
ID3378,158.0,622.8648648648649
ID7809,158.0,499.4864864864865
ID4443,159.0,275.1621621621622
ID9002,159.0,514.1891891891892
ID5869,159.0,711.8378378378378
ID9993,159.0,638.6486486486486
ID10798,159.0,393.6756756756757
ID6888,159.0,807.8918918918919
ID3380,159.0,618.9459459459459
ID7812,159.0,484.81081081081084
ID4447,160.0,278.3783783783784
ID9004,160.0,538.7837837837837
ID5872,160.0,731.3513513513514
ID9995,160.0,648.4594594594595
ID10800,160.0,401.94594594594594
ID6890,160.0,907.7297297297297
ID3382,160.0,674.3783783783783
ID7815,160.0,510.27027027027026
ID4453,161.0,270.7837837837838
ID9006,161.0,500.4054054054054
ID5874,161.0,713.5675675675676
ID9997,161.0,647.6216216216217
ID10802,161.0,386.86486486486484
ID6892,161.0,788.5675675675676
ID3384,161.0,602.5405405405405
ID7819,161.0,487.0
ID4458,162.0,265.4864864864865
ID9008,162.0,517.2162162162163
ID5877,162.0,677.0
ID9999,162.0,634.8648648648649
ID10804,162.0,422.8378378378378
ID6894,162.0,791.0540540540541
ID3386,162.0,623.027027027027
ID7822,162.0,481.5405405405405
ID4461,163.0,272.13513513513516
ID9010,163.0,509.4594594594595
ID5880,163.0,672.2972972972973
ID10001,163.0,622.7567567567568
ID10806,163.0,423.4864864864865
ID6896,163.0,794.8378378378378
ID3388,163.0,633.8378378378378
ID7825,163.0,492.02702702702703
ID4465,164.0,290.5405405405405
ID9012,164.0,544.2972972972973
ID5883,164.0,724.027027027027
ID10004,164.0,697.1351351351351
ID10808,164.0,418.97297297297297
ID6898,164.0,884.2432432432432
ID3390,164.0,675.7297297297297
ID7829,164.0,521.918918918919
ID4470,165.0,281.64864864864865
ID9014,165.0,495.5405405405405
ID5885,165.0,719.2162162162163
ID10006,165.0,638.6486486486486
ID10810,165.0,401.1621621621622
ID6900,165.0,783.1891891891892
ID3392,165.0,608.6756756756756
ID7833,165.0,485.4864864864865
ID4474,166.0,275.18918918918916
ID9016,166.0,502.0810810810811
ID5888,166.0,718.7297297297297
ID10009,166.0,631.3783783783783
ID10812,166.0,401.7567567567568
ID6902,166.0,803.6216216216217
ID3394,166.0,620.1081081081081
ID7836,166.0,488.1621621621622
ID4477,167.0,276.6216216216216
ID9018,167.0,538.027027027027
ID5891,167.0,732.7027027027027
ID10012,167.0,667.6216216216217
ID10814,167.0,397.2162162162162
ID6904,167.0,884.3783783783783
ID3396,167.0,674.0
ID7840,167.0,503.4054054054054
ID4483,168.0,294.7837837837838
ID9020,168.0,484.6756756756757
ID5893,168.0,714.4324324324324
ID10014,168.0,606.027027027027
ID10816,168.0,389.2972972972973
ID6906,168.0,776.0540540540541
ID3398,168.0,601.2162162162163
ID7843,168.0,470.86486486486484
ID4487,169.0,273.2432432432432
ID9022,169.0,500.4054054054054
ID5896,169.0,709.1621621621622
ID10016,169.0,624.5405405405405
ID10818,169.0,393.6756756756757
ID6908,169.0,797.6486486486486
ID3400,169.0,636.1621621621622
ID7846,169.0,489.6216216216216
ID4492,170.0,274.7567567567568
ID9024,170.0,509.8378378378378
ID5899,170.0,726.1891891891892
ID10018,170.0,633.9459459459459
ID10820,170.0,390.3243243243243
ID6910,170.0,797.7567567567568
ID3402,170.0,621.1081081081081
ID7849,170.0,482.97297297297297
ID4496,171.0,270.0
ID9026,171.0,503.5135135135135
ID5902,171.0,735.0540540540541
ID10021,171.0,630.918918918919
ID10822,171.0,397.72972972972974
ID6912,171.0,824.4054054054054
ID3404,171.0,625.5945945945946
ID7852,171.0,492.6216216216216
ID4499,172.0,271.8378378378378
ID9028,172.0,491.97297297297297
ID5905,172.0,741.3513513513514
ID10024,172.0,644.5135135135135
ID10824,172.0,422.86486486486484
ID6914,172.0,866.3783783783783
ID3406,172.0,634.4324324324324
ID7856,172.0,486.5405405405405
ID4503,173.0,271.5135135135135
ID9030,173.0,500.3783783783784
ID5908,173.0,741.7567567567568
ID10026,173.0,634.1081081081081
ID10830,173.0,434.64864864864865
ID6916,173.0,863.6486486486486
ID3408,173.0,627.7837837837837
ID7860,173.0,484.5135135135135
ID4507,174.0,269.18918918918916
ID9032,174.0,497.1081081081081
ID5911,174.0,729.9459459459459
ID10028,174.0,641.4864864864865
ID10826,174.0,426.56756756756755
ID6918,174.0,860.2432432432432
ID3410,174.0,643.6756756756756
ID7863,174.0,483.43243243243245
ID4511,175.0,273.13513513513516
ID9034,175.0,500.97297297297297
ID5914,175.0,731.8648648648649
ID10030,175.0,678.1081081081081
ID10828,175.0,465.7027027027027
ID6920,175.0,857.1891891891892
ID3412,175.0,647.7297297297297
ID7866,175.0,496.9189189189189
ID4514,176.0,276.1081081081081
ID9036,176.0,542.6486486486486
ID5917,176.0,744.2972972972973
ID10032,176.0,727.4864864864865
ID10835,176.0,468.64864864864865
ID6922,176.0,907.1621621621622
ID3414,176.0,719.2702702702703
ID7870,176.0,523.972972972973
ID4520,177.0,273.13513513513516
ID9038,177.0,488.4864864864865
ID5919,177.0,722.8108108108108
ID10034,177.0,650.4864864864865
ID10837,177.0,458.35135135135135
ID6925,177.0,831.972972972973
ID3416,177.0,645.4864864864865
ID7874,177.0,484.1621621621622
ID4523,178.0,278.6756756756757
ID9040,178.0,544.5945945945946
ID5922,178.0,759.027027027027
ID10036,178.0,696.8648648648649
ID10839,178.0,452.02702702702703
ID6927,178.0,933.4864864864865
ID3418,178.0,757.3783783783783
ID7877,178.0,506.8918918918919
ID4531,179.0,262.9189189189189
ID9042,179.0,482.94594594594594
ID5924,179.0,732.4864864864865
ID10038,179.0,632.5405405405405
ID10841,179.0,449.0810810810811
ID6930,179.0,856.8378378378378
ID3420,179.0,674.918918918919
ID7881,179.0,481.97297297297297
ID4535,180.0,263.3783783783784
ID9044,180.0,493.5945945945946
ID5927,180.0,741.2972972972973
ID10040,180.0,648.2972972972973
ID10843,180.0,445.1621621621622
ID6932,180.0,880.7567567567568
ID3422,180.0,685.081081081081
ID7884,180.0,478.4594594594595
ID4539,181.0,268.4054054054054
ID9046,181.0,506.35135135135135
ID5930,181.0,731.6486486486486
ID10042,181.0,644.3513513513514
ID10845,181.0,436.94594594594594
ID6934,181.0,871.2702702702703
ID3424,181.0,694.3513513513514
ID7887,181.0,494.7837837837838
ID4542,182.0,271.7027027027027
ID9048,182.0,533.6486486486486
ID5933,182.0,758.3243243243244
ID10044,182.0,681.7027027027027
ID10847,182.0,436.64864864864865
ID6936,182.0,933.5405405405405
ID3426,182.0,759.6216216216217
ID7891,182.0,513.4054054054054
ID4546,183.0,278.64864864864865
ID9050,183.0,496.5135135135135
ID5935,183.0,722.7297297297297
ID10046,183.0,615.3243243243244
ID10849,183.0,421.7837837837838
ID6938,183.0,854.7567567567568
ID3428,183.0,658.4324324324324
ID7895,183.0,494.86486486486484
ID4549,184.0,275.81081081081084
ID9052,184.0,532.8648648648649
ID5938,184.0,755.5945945945946
ID10048,184.0,687.5945945945946
ID10851,184.0,428.8378378378378
ID6940,184.0,926.4054054054054
ID3430,184.0,747.8918918918919
ID7898,184.0,515.918918918919
ID4554,185.0,268.5135135135135
ID9054,185.0,489.8378378378378
ID5940,185.0,731.0540540540541
ID10050,185.0,608.8108108108108
ID10853,185.0,421.05405405405406
ID6943,185.0,843.081081081081
ID3432,185.0,665.081081081081
ID7901,185.0,479.1621621621622
ID4560,186.0,285.56756756756755
ID9056,186.0,544.4864864864865
ID5943,186.0,763.2162162162163
ID10053,186.0,666.4324324324324
ID10855,186.0,419.4054054054054
ID6945,186.0,938.1081081081081
ID3434,186.0,738.1351351351351
ID7904,186.0,517.918918918919
ID4564,187.0,272.56756756756755
ID9058,187.0,485.4864864864865
ID5945,187.0,728.1081081081081
ID10055,187.0,604.8918918918919
ID10857,187.0,416.43243243243245
ID6948,187.0,841.5675675675676
ID3436,187.0,658.6216216216217
ID7907,187.0,490.13513513513516
ID4568,188.0,301.6756756756757
ID9060,188.0,533.2432432432432
ID5948,188.0,759.1891891891892
ID10058,188.0,651.1351351351351
ID10859,188.0,417.86486486486484
ID6950,188.0,928.4864864864865
ID3438,188.0,747.1081081081081
ID7910,188.0,518.5135135135135
ID4575,189.0,294.86486486486484
ID9062,189.0,488.2972972972973
ID5950,189.0,734.4324324324324
ID10060,189.0,615.8918918918919
ID10861,189.0,422.94594594594594
ID6953,189.0,839.027027027027
ID3440,189.0,662.9459459459459
ID7914,189.0,495.4054054054054
ID4578,190.0,294.4864864864865
ID9064,190.0,551.3783783783783
ID5953,190.0,792.2972972972973
ID10062,190.0,692.2432432432432
ID10863,190.0,423.6216216216216
ID6955,190.0,956.081081081081
ID3442,190.0,778.9459459459459
ID7917,190.0,552.7297297297297
ID4581,191.0,287.97297297297297
ID9066,191.0,512.5675675675676
ID5955,191.0,747.972972972973
ID10064,191.0,639.0540540540541
ID10865,191.0,418.6756756756757
ID6958,191.0,878.6756756756756
ID3444,191.0,703.0
ID7921,191.0,496.3783783783784
ID4584,192.0,289.0
ID9068,192.0,522.6756756756756
ID5958,192.0,756.1351351351351
ID10067,192.0,644.7027027027027
ID10868,192.0,418.05405405405406
ID6960,192.0,888.8648648648649
ID3446,192.0,705.5945945945946
ID7924,192.0,502.2432432432432
ID4588,193.0,280.72972972972974
ID9070,193.0,532.081081081081
ID5961,193.0,759.8378378378378
ID10069,193.0,643.4324324324324
ID10872,193.0,415.3243243243243
ID6962,193.0,898.2972972972973
ID3448,193.0,707.7567567567568
ID7928,193.0,512.027027027027
ID4591,194.0,292.81081081081084
ID9072,194.0,542.5405405405405
ID5964,194.0,785.3783783783783
ID10072,194.0,655.4864864864865
ID10877,194.0,422.18918918918916
ID6964,194.0,961.1891891891892
ID3450,194.0,770.7837837837837
ID7931,194.0,532.7027027027027
ID4596,195.0,281.97297297297297
ID9074,195.0,506.8918918918919
ID5966,195.0,753.5135135135135
ID10074,195.0,620.5135135135135
ID10881,195.0,407.13513513513516
ID6967,195.0,860.1351351351351
ID3452,195.0,691.9459459459459
ID7935,195.0,496.8918918918919
ID4600,196.0,282.43243243243245
ID9076,196.0,532.0
ID5969,196.0,760.4594594594595
ID10076,196.0,635.1081081081081
ID10885,196.0,413.13513513513516
ID6969,196.0,884.7567567567568
ID3454,196.0,701.8648648648649
ID7939,196.0,505.3243243243243
ID4605,197.0,293.8918918918919
ID9078,197.0,535.8378378378378
ID5972,197.0,759.8378378378378
ID10078,197.0,655.918918918919
ID10889,197.0,422.43243243243245
ID6971,197.0,886.5945945945946
ID3456,197.0,715.2432432432432
ID7942,197.0,506.27027027027026
ID4609,198.0,278.1621621621622
ID9080,198.0,517.8918918918919
ID5975,198.0,770.2432432432432
ID10080,198.0,631.4324324324324
ID10894,198.0,420.4594594594595
ID6973,198.0,887.6216216216217
ID3458,198.0,757.6216216216217
ID7945,198.0,508.27027027027026
ID4612,199.0,274.97297297297297
ID9082,199.0,523.7567567567568
ID5978,199.0,772.2432432432432
ID10082,199.0,632.5135135135135
ID10899,199.0,405.8378378378378
ID6975,199.0,895.7027027027027
ID3460,199.0,717.8108108108108
ID7949,199.0,507.5945945945946
ID4615,200.0,275.7567567567568
ID9084,200.0,529.4054054054054
ID5981,200.0,773.5675675675676
ID10084,200.0,656.1081081081081
ID10903,200.0,417.7567567567568
ID6977,200.0,911.4054054054054
ID3462,200.0,731.8918918918919
ID7953,200.0,516.3783783783783
ID4619,201.0,277.97297297297297
ID9086,201.0,523.0540540540541
ID5984,201.0,777.4324324324324
ID10086,201.0,618.7567567567568
ID10907,201.0,410.86486486486484
ID6979,201.0,929.918918918919
ID3464,201.0,735.1891891891892
ID7957,201.0,508.4054054054054
ID4622,202.0,289.2432432432432
ID9088,202.0,523.972972972973
ID5987,202.0,748.2702702702703
ID10088,202.0,650.4054054054054
ID10911,202.0,413.1621621621622
ID6981,202.0,924.1891891891892
ID3466,202.0,742.972972972973
ID7960,202.0,511.97297297297297
ID4626,203.0,278.1081081081081
ID9090,203.0,531.2702702702703
ID5989,203.0,782.0
ID10090,203.0,643.1621621621622
ID10914,203.0,416.56756756756755
ID6983,203.0,911.6486486486486
ID3468,203.0,729.081081081081
ID7964,203.0,511.72972972972974
ID4630,204.0,275.3243243243243
ID9092,204.0,513.7837837837837
ID5992,204.0,771.3783783783783
ID10092,204.0,640.7837837837837
ID10917,204.0,416.4054054054054
ID6985,204.0,902.1891891891892
ID3470,204.0,732.7567567567568
ID7968,204.0,508.27027027027026
ID4636,205.0,281.6216216216216
ID9094,205.0,517.2432432432432
ID5995,205.0,787.1081081081081
ID10094,205.0,628.0
ID10921,205.0,420.8918918918919
ID6987,205.0,893.6486486486486
ID3472,205.0,761.4864864864865
ID7972,205.0,503.7837837837838
ID4639,206.0,280.81081081081084
ID9096,206.0,511.5405405405405
ID5998,206.0,763.4864864864865
ID10096,206.0,625.9459459459459
ID10924,206.0,419.2162162162162
ID6989,206.0,890.5675675675676
ID3474,206.0,739.2972972972973
ID7975,206.0,501.4054054054054
ID4643,207.0,275.6756756756757
ID9098,207.0,502.6216216216216
ID6001,207.0,767.6756756756756
ID10098,207.0,607.5135135135135
ID10928,207.0,422.35135135135135
ID6991,207.0,892.4594594594595
ID3476,207.0,741.2702702702703
ID7979,207.0,501.81081081081084
ID4646,208.0,279.56756756756755
ID9100,208.0,519.6486486486486
ID6004,208.0,771.5675675675676
ID10100,208.0,611.3513513513514
ID10932,208.0,424.6216216216216
ID6993,208.0,887.6486486486486
ID3478,208.0,734.1351351351351
ID7982,208.0,497.8378378378378
ID4650,209.0,282.7027027027027
ID9102,209.0,508.81081081081084
ID10102,209.0,618.7297297297297
ID6007,209.0,749.918918918919
ID10935,209.0,416.05405405405406
ID6995,209.0,885.4054054054054
ID3480,209.0,729.1081081081081
ID7985,209.0,506.1621621621622
ID4654,210.0,280.6216216216216
ID9104,210.0,512.2162162162163
ID10104,210.0,633.3783783783783
ID6010,210.0,746.4594594594595
ID10939,210.0,422.3243243243243
ID6997,210.0,881.8378378378378
ID3482,210.0,743.4324324324324
ID7988,210.0,499.2162162162162
ID4658,211.0,283.3783783783784
ID9106,211.0,509.6216216216216
ID10106,211.0,632.4864864864865
ID6013,211.0,744.4054054054054
ID10942,211.0,423.8918918918919
ID6999,211.0,865.6756756756756
ID3484,211.0,739.6216216216217
ID7991,211.0,503.0810810810811
ID4661,212.0,284.9189189189189
ID9108,212.0,512.3243243243244
ID10108,212.0,598.3243243243244
ID6016,212.0,749.4864864864865
ID10945,212.0,402.0
ID7001,212.0,862.4594594594595
ID3486,212.0,734.5405405405405
ID7994,212.0,503.2972972972973
ID4665,213.0,282.2432432432432
ID9110,213.0,503.2972972972973
ID10110,213.0,613.6216216216217
ID6019,213.0,756.1081081081081
ID10948,213.0,406.7027027027027
ID7003,213.0,862.4324324324324
ID3488,213.0,740.1621621621622
ID7997,213.0,502.86486486486484
ID4670,214.0,276.5945945945946
ID9112,214.0,491.2432432432432
ID10112,214.0,612.1081081081081
ID6022,214.0,740.5675675675676
ID10956,214.0,429.35135135135135
ID7005,214.0,864.1891891891892
ID3490,214.0,747.6486486486486
ID8000,214.0,498.4054054054054
ID4673,215.0,284.72972972972974
ID9114,215.0,510.02702702702703
ID10114,215.0,617.918918918919
ID6025,215.0,743.8918918918919
ID10959,215.0,420.5945945945946
ID7007,215.0,862.0
ID3492,215.0,750.1351351351351
ID8003,215.0,496.02702702702703
ID4678,216.0,277.0810810810811
ID9116,216.0,511.3783783783784
ID10116,216.0,598.4864864864865
ID6028,216.0,741.0
ID10963,216.0,420.9189189189189
ID7009,216.0,860.8378378378378
ID3494,216.0,739.4054054054054
ID8006,216.0,498.43243243243245
ID4682,217.0,268.97297297297297
ID9118,217.0,488.56756756756755
ID10118,217.0,614.5675675675676
ID6031,217.0,743.7837837837837
ID10966,217.0,414.35135135135135
ID7011,217.0,857.1351351351351
ID3496,217.0,756.4054054054054
ID8009,217.0,480.2162162162162
ID4687,218.0,288.0810810810811
ID9120,218.0,512.9459459459459
ID10120,218.0,619.3513513513514
ID6034,218.0,747.2432432432432
ID10969,218.0,416.0810810810811
ID7013,218.0,859.8108108108108
ID3498,218.0,730.7837837837837
ID8012,218.0,506.6216216216216
ID4690,219.0,277.2432432432432
ID9122,219.0,505.0
ID10122,219.0,625.0540540540541
ID6037,219.0,745.081081081081
ID10972,219.0,428.43243243243245
ID7015,219.0,863.4864864864865
ID3500,219.0,739.7567567567568
ID8016,219.0,495.1621621621622
ID4693,220.0,282.7567567567568
ID9124,220.0,507.7567567567568
ID10124,220.0,619.3783783783783
ID6040,220.0,741.6486486486486
ID10975,220.0,411.43243243243245
ID7017,220.0,858.1351351351351
ID3502,220.0,736.4594594594595
ID8019,220.0,497.94594594594594
ID4697,221.0,278.5135135135135
ID9126,221.0,510.05405405405406
ID10126,221.0,627.972972972973
ID6043,221.0,751.2432432432432
ID10980,221.0,420.94594594594594
ID7019,221.0,851.4324324324324
ID3504,221.0,742.4324324324324
ID8022,221.0,495.43243243243245
ID4700,222.0,289.3783783783784
ID9128,222.0,540.5675675675676
ID10128,222.0,674.4594594594595
ID6046,222.0,756.1621621621622
ID10983,222.0,418.05405405405406
ID7021,222.0,906.7297297297297
ID3506,222.0,785.8108108108108
ID8025,222.0,521.2162162162163
ID4706,223.0,288.2972972972973
ID9130,223.0,489.72972972972974
ID10130,223.0,618.8378378378378
ID6048,223.0,731.8108108108108
ID10988,223.0,411.2432432432432
ID7024,223.0,836.4324324324324
ID3508,223.0,711.6486486486486
ID8029,223.0,485.4054054054054
ID4709,224.0,275.3783783783784
ID9132,224.0,540.8108108108108
ID10132,224.0,642.6486486486486
ID6051,224.0,761.1891891891892
ID10991,224.0,400.1081081081081
ID7026,224.0,913.5405405405405
ID3510,224.0,799.2972972972973
ID8032,224.0,523.7027027027027
ID4715,225.0,319.81081081081084
ID9134,225.0,486.05405405405406
ID10134,225.0,594.0540540540541
ID6053,225.0,726.918918918919
ID10995,225.0,416.8378378378378
ID7029,225.0,835.2972972972973
ID3512,225.0,703.8108108108108
ID8035,225.0,486.5405405405405
ID4721,226.0,275.1621621621622
ID9136,226.0,502.81081081081084
ID10136,226.0,593.6756756756756
ID6056,226.0,734.2432432432432
ID10998,226.0,393.27027027027026
ID7031,226.0,853.1621621621622
ID3514,226.0,720.4594594594595
ID8038,226.0,498.5945945945946
ID4726,227.0,277.5135135135135
ID9139,227.0,537.7837837837837
ID10139,227.0,627.3243243243244
ID6059,227.0,776.6486486486486
ID11001,227.0,399.7837837837838
ID7033,227.0,868.3513513513514
ID3516,227.0,802.3783783783783
ID8041,227.0,511.56756756756755
ID4733,228.0,295.0810810810811
ID9141,228.0,483.1621621621622
ID10141,228.0,589.7027027027027
ID6062,228.0,728.7567567567568
ID11005,228.0,403.7567567567568
ID7035,228.0,776.7837837837837
ID3518,228.0,702.7567567567568
ID8044,228.0,470.5945945945946
ID4738,229.0,284.9189189189189
ID9144,229.0,532.8108108108108
ID10143,229.0,641.8378378378378
ID6065,229.0,737.2162162162163
ID11010,229.0,399.7837837837838
ID7037,229.0,862.4594594594595
ID3520,229.0,804.2432432432432
ID8047,229.0,504.2972972972973
ID4742,230.0,284.43243243243245
ID9146,230.0,539.5945945945946
ID10145,230.0,651.0540540540541
ID6068,230.0,758.4594594594595
ID11014,230.0,391.97297297297297
ID7040,230.0,864.6756756756756
ID3522,230.0,811.8918918918919
ID8051,230.0,498.7567567567568
ID4745,231.0,272.1621621621622
ID9148,231.0,539.918918918919
ID10147,231.0,655.4594594594595
ID6071,231.0,742.2162162162163
ID11019,231.0,389.05405405405406
ID7042,231.0,864.6486486486486
ID3524,231.0,820.081081081081
ID8054,231.0,504.02702702702703
ID4748,232.0,289.5405405405405
ID9150,232.0,531.8648648648649
ID10149,232.0,646.0540540540541
ID6074,232.0,788.3513513513514
ID11024,232.0,398.97297297297297
ID7044,232.0,871.7567567567568
ID3526,232.0,820.9459459459459
ID8058,232.0,511.1081081081081
ID4752,233.0,272.5405405405405
ID9152,233.0,523.2702702702703
ID10151,233.0,655.7837837837837
ID6077,233.0,741.5135135135135
ID11028,233.0,399.0
ID7046,233.0,876.1621621621622
ID3528,233.0,811.7837837837837
ID8062,233.0,507.8378378378378
ID4755,234.0,290.7567567567568
ID9154,234.0,539.7297297297297
ID10153,234.0,631.1891891891892
ID6080,234.0,749.2432432432432
ID11033,234.0,393.64864864864865
ID7048,234.0,866.5135135135135
ID3530,234.0,804.918918918919
ID8066,234.0,505.3243243243243
ID4762,235.0,304.2972972972973
ID9156,235.0,468.5945945945946
ID10155,235.0,585.1891891891892
ID6082,235.0,755.2162162162163
ID11037,235.0,380.0810810810811
ID7050,235.0,783.9459459459459
ID3532,235.0,702.7297297297297
ID8070,235.0,464.81081081081084
ID4766,236.0,284.94594594594594
ID9158,236.0,487.18918918918916
ID10157,236.0,586.6486486486486
ID6085,236.0,722.3243243243244
ID11041,236.0,392.7027027027027
ID7052,236.0,808.8648648648649
ID3534,236.0,721.5405405405405
ID8073,236.0,475.4594594594595
ID4770,237.0,290.6756756756757
ID9160,237.0,540.8378378378378
ID10159,237.0,660.6486486486486
ID6088,237.0,757.2162162162163
ID11045,237.0,399.6216216216216
ID7054,237.0,894.5135135135135
ID3536,237.0,840.3783783783783
ID8076,237.0,508.0810810810811
ID4773,238.0,288.64864864864865
ID9162,238.0,550.2972972972973
ID10161,238.0,646.2432432432432
ID6091,238.0,766.1891891891892
ID11050,238.0,393.64864864864865
ID7057,238.0,901.3513513513514
ID3538,238.0,817.8108108108108
ID8080,238.0,507.3783783783784
ID4780,239.0,274.0810810810811
ID9164,239.0,490.18918918918916
ID10163,239.0,606.0540540540541
ID6093,239.0,733.7027027027027
ID11054,239.0,379.6756756756757
ID7059,239.0,804.4054054054054
ID3540,239.0,718.7027027027027
ID8084,239.0,486.7027027027027
ID4784,240.0,285.27027027027026
ID9167,240.0,543.6486486486486
ID10165,240.0,666.5675675675676
ID6096,240.0,758.8648648648649
ID11057,240.0,409.56756756756755
ID7061,240.0,897.8378378378378
ID3542,240.0,820.7837837837837
ID8087,240.0,508.5945945945946
ID4787,241.0,285.7027027027027
ID9169,241.0,494.81081081081084
ID10167,241.0,590.6486486486486
ID6098,241.0,725.5945945945946
ID11061,241.0,380.2162162162162
ID7064,241.0,802.081081081081
ID3544,241.0,722.027027027027
ID8091,241.0,482.05405405405406
ID4791,242.0,296.05405405405406
ID9171,242.0,516.1621621621622
ID10169,242.0,603.5405405405405
ID6101,242.0,741.7567567567568
ID11066,242.0,394.7837837837838
ID7066,242.0,844.8648648648649
ID3546,242.0,752.9459459459459
ID8094,242.0,504.9189189189189
ID4794,243.0,310.8918918918919
ID9173,243.0,489.4864864864865
ID10171,243.0,614.7297297297297
ID6104,243.0,747.2702702702703
ID11070,243.0,398.2162162162162
ID7068,243.0,839.1351351351351
ID3548,243.0,741.7297297297297
ID8097,243.0,489.27027027027026
ID4798,244.0,284.02702702702703
ID9175,244.0,507.27027027027026
ID10173,244.0,612.5405405405405
ID6107,244.0,743.6756756756756
ID11074,244.0,378.97297297297297
ID7070,244.0,825.3513513513514
ID3550,244.0,746.4324324324324
ID8100,244.0,487.4054054054054
ID4801,245.0,295.35135135135135
ID9177,245.0,491.56756756756755
ID10175,245.0,602.3783783783783
ID6110,245.0,743.0540540540541
ID11078,245.0,402.1621621621622
ID7072,245.0,833.1081081081081
ID3552,245.0,749.918918918919
ID8103,245.0,478.6216216216216
ID4804,246.0,290.4594594594595
ID9180,246.0,555.7297297297297
ID10177,246.0,677.4324324324324
ID6113,246.0,775.7297297297297
ID11083,246.0,402.4864864864865
ID7074,246.0,915.3513513513514
ID3554,246.0,865.4864864864865
ID8106,246.0,526.8648648648649
ID4809,247.0,306.5135135135135
ID9182,247.0,506.9189189189189
ID10179,247.0,613.972972972973
ID6115,247.0,741.918918918919
ID11088,247.0,386.9189189189189
ID7077,247.0,852.7297297297297
ID3556,247.0,770.3783783783783
ID8110,247.0,485.2972972972973
ID4812,248.0,287.6216216216216
ID9184,248.0,515.972972972973
ID10181,248.0,629.3513513513514
ID6118,248.0,755.5945945945946
ID11091,248.0,375.18918918918916
ID7079,248.0,861.0
ID3558,248.0,778.3513513513514
ID8113,248.0,496.27027027027026
ID4815,249.0,288.2162162162162
ID9186,249.0,521.918918918919
ID10183,249.0,630.8108108108108
ID6121,249.0,754.9459459459459
ID11095,249.0,400.5945945945946
ID7081,249.0,854.5135135135135
ID3560,249.0,789.4054054054054
ID8116,249.0,506.18918918918916
ID4818,250.0,277.5945945945946
ID9188,250.0,531.7297297297297
ID10185,250.0,628.7297297297297
ID6124,250.0,755.6216216216217
ID11099,250.0,399.64864864864865
ID7083,250.0,861.3513513513514
ID3562,250.0,773.7297297297297
ID8119,250.0,493.13513513513516
ID4821,251.0,278.2432432432432
ID9190,251.0,519.8108108108108
ID10187,251.0,626.1621621621622
ID6127,251.0,752.081081081081
ID11103,251.0,391.4054054054054
ID7085,251.0,854.027027027027
ID3564,251.0,788.5135135135135
ID8122,251.0,506.6756756756757
ID4824,252.0,281.02702702702703
ID9192,252.0,533.2702702702703
ID10189,252.0,648.6486486486486
ID6130,252.0,756.6756756756756
ID11108,252.0,392.7567567567568
ID7087,252.0,870.7297297297297
ID3566,252.0,806.1621621621622
ID8125,252.0,515.0540540540541
ID4827,253.0,289.05405405405406
ID9194,253.0,520.0
ID10191,253.0,648.7297297297297
ID6133,253.0,760.0540540540541
ID11112,253.0,397.05405405405406
ID7089,253.0,865.4594594594595
ID3568,253.0,806.4054054054054
ID8128,253.0,504.7837837837838
ID4830,254.0,282.27027027027026
ID9196,254.0,538.1081081081081
ID10193,254.0,648.918918918919
ID6136,254.0,772.1081081081081
ID11117,254.0,389.4054054054054
ID7091,254.0,859.2162162162163
ID3570,254.0,814.4054054054054
ID8131,254.0,500.43243243243245
ID4833,255.0,286.5945945945946
ID9198,255.0,535.7567567567568
ID10195,255.0,644.6756756756756
ID6139,255.0,768.3783783783783
ID11121,255.0,383.7027027027027
ID7093,255.0,854.7837837837837
ID3572,255.0,785.5405405405405
ID8134,255.0,497.18918918918916
ID4836,256.0,291.6216216216216
ID9200,256.0,534.8648648648649
ID10197,256.0,641.1621621621622
ID6142,256.0,753.0
ID11125,256.0,394.1081081081081
ID7095,256.0,871.0
ID3574,256.0,791.4864864864865
ID8138,256.0,501.5945945945946
ID4843,257.0,311.3243243243243
ID9202,257.0,476.2432432432432
ID10199,257.0,577.7297297297297
ID6144,257.0,726.4054054054054
ID11129,257.0,381.4594594594595
ID7097,257.0,764.0
ID3576,257.0,691.6216216216217
ID8142,257.0,465.6756756756757
ID4846,258.0,289.43243243243245
ID9204,258.0,543.5405405405405
ID10201,258.0,650.3243243243244
ID6147,258.0,752.7567567567568
ID11133,258.0,388.81081081081084
ID7099,258.0,866.2702702702703
ID3578,258.0,804.8648648648649
ID8145,258.0,506.6216216216216
ID4849,259.0,289.9189189189189
ID9206,259.0,527.1621621621622
ID10203,259.0,655.4594594594595
ID6150,259.0,756.972972972973
ID11137,259.0,400.8378378378378
ID7102,259.0,849.2432432432432
ID3580,259.0,821.1621621621622
ID8149,259.0,504.8918918918919
ID4852,260.0,290.5405405405405
ID9208,260.0,536.4054054054054
ID10205,260.0,638.4054054054054
ID6153,260.0,752.7567567567568
ID11141,260.0,376.6216216216216
ID7104,260.0,855.6216216216217
ID3582,260.0,786.4594594594595
ID8152,260.0,503.7837837837838
ID4857,261.0,283.0
ID9210,261.0,539.3243243243244
ID10207,261.0,635.0
ID6156,261.0,756.9459459459459
ID11145,261.0,392.5135135135135
ID7106,261.0,839.7567567567568
ID3584,261.0,786.1351351351351
ID8155,261.0,501.2972972972973
ID4861,262.0,288.72972972972974
ID9212,262.0,513.5405405405405
ID10209,262.0,636.8918918918919
ID6159,262.0,758.4054054054054
ID11149,262.0,391.27027027027026
ID7108,262.0,850.4324324324324
ID3586,262.0,788.2432432432432
ID8158,262.0,500.56756756756755
ID4864,263.0,293.2432432432432
ID9214,263.0,511.6756756756757
ID10211,263.0,638.4054054054054
ID6162,263.0,753.8648648648649
ID11153,263.0,399.35135135135135
ID7110,263.0,855.8648648648649
ID3588,263.0,780.7027027027027
ID8161,263.0,504.72972972972974
ID4868,264.0,277.7027027027027
ID9216,264.0,522.3513513513514
ID10213,264.0,635.2162162162163
ID6165,264.0,759.5945945945946
ID11157,264.0,394.4594594594595
ID7112,264.0,834.4054054054054
ID3590,264.0,779.7567567567568
ID8164,264.0,513.8648648648649
ID4871,265.0,277.72972972972974
ID9218,265.0,510.27027027027026
ID10215,265.0,651.8648648648649
ID6168,265.0,758.081081081081
ID11161,265.0,403.35135135135135
ID7114,265.0,845.3513513513514
ID3592,265.0,783.027027027027
ID8167,265.0,507.97297297297297
ID4875,266.0,274.7837837837838
ID9220,266.0,519.027027027027
ID10217,266.0,634.2162162162163
ID6171,266.0,751.8108108108108
ID11165,266.0,371.5135135135135
ID7116,266.0,835.5135135135135
ID3594,266.0,798.5945945945946
ID8170,266.0,507.72972972972974
ID4878,267.0,290.6216216216216
ID9222,267.0,567.2702702702703
ID10219,267.0,671.7297297297297
ID6174,267.0,802.6756756756756
ID11169,267.0,396.18918918918916
ID7118,267.0,904.4054054054054
ID3596,267.0,836.3513513513514
ID8173,267.0,513.8648648648649
ID4883,268.0,315.27027027027026
ID9224,268.0,501.7027027027027
ID10221,268.0,612.972972972973
ID6177,268.0,746.1081081081081
ID11173,268.0,384.2972972972973
ID7121,268.0,831.3783783783783
ID3598,268.0,754.5405405405405
ID8177,268.0,492.4054054054054
ID4886,269.0,292.8378378378378
ID9226,269.0,525.4054054054054
ID10223,269.0,624.8378378378378
ID6180,269.0,771.2162162162163
ID11178,269.0,364.1081081081081
ID7123,269.0,841.081081081081
ID3600,269.0,774.1891891891892
ID8180,269.0,497.4594594594595
ID4890,270.0,290.4864864864865
ID9228,270.0,522.8108108108108
ID10225,270.0,617.2432432432432
ID6183,270.0,754.6486486486486
ID11182,270.0,388.1621621621622
ID7125,270.0,864.1621621621622
ID3602,270.0,775.2972972972973
ID8183,270.0,494.6216216216216
ID4893,271.0,298.97297297297297
ID9230,271.0,531.6216216216217
ID10227,271.0,639.3783783783783
ID6186,271.0,755.2702702702703
ID11186,271.0,389.2972972972973
ID7127,271.0,848.3783783783783
ID3604,271.0,774.918918918919
ID8186,271.0,503.43243243243245
ID4896,272.0,288.1081081081081
ID9232,272.0,527.918918918919
ID10229,272.0,627.7837837837837
ID6189,272.0,763.5675675675676
ID11191,272.0,380.2162162162162
ID7129,272.0,840.3513513513514
ID3606,272.0,796.8108108108108
ID8189,272.0,501.72972972972974
ID8192,273.0,511.3783783783784
ID4899,273.0,284.1621621621622
ID9234,273.0,538.7567567567568
ID10231,273.0,634.6486486486486
ID6192,273.0,762.7027027027027
ID11194,273.0,384.18918918918916
ID7131,273.0,838.918918918919
ID3608,273.0,781.8648648648649
ID8195,274.0,505.1081081081081
ID4902,274.0,287.7837837837838
ID9236,274.0,528.6486486486486
ID10233,274.0,635.7837837837837
ID6195,274.0,775.2702702702703
ID11198,274.0,393.0810810810811
ID7133,274.0,836.081081081081
ID3610,274.0,785.3243243243244
ID8198,275.0,522.918918918919
ID4905,275.0,298.1081081081081
ID9238,275.0,524.1621621621622
ID10235,275.0,623.4594594594595
ID6198,275.0,768.2702702702703
ID11203,275.0,367.1621621621622
ID7135,275.0,831.4324324324324
ID3612,275.0,779.1351351351351
ID8201,276.0,517.7297297297297
ID4909,276.0,291.4054054054054
ID9240,276.0,524.8648648648649
ID10237,276.0,635.7837837837837
ID6201,276.0,757.0540540540541
ID11207,276.0,393.3243243243243
ID7137,276.0,828.4054054054054
ID3614,276.0,810.5135135135135
ID8204,277.0,511.43243243243245
ID4912,277.0,287.7027027027027
ID9242,277.0,534.027027027027
ID10239,277.0,626.2972972972973
ID6204,277.0,757.3513513513514
ID11211,277.0,389.3243243243243
ID7139,277.0,840.0540540540541
ID3616,277.0,805.5405405405405
ID8207,278.0,522.027027027027
ID4915,278.0,293.18918918918916
ID9244,278.0,532.7837837837837
ID10241,278.0,620.7837837837837
ID6207,278.0,757.7027027027027
ID11215,278.0,383.43243243243245
ID7141,278.0,843.5135135135135
ID3618,278.0,830.7837837837837
ID8210,279.0,511.4054054054054
ID4918,279.0,286.8378378378378
ID9246,279.0,531.5945945945946
ID10243,279.0,638.6216216216217
ID6210,279.0,751.1081081081081
ID11219,279.0,375.2432432432432
ID7143,279.0,842.3243243243244
ID3620,279.0,821.7027027027027
ID8213,280.0,516.2972972972973
ID4922,280.0,303.7837837837838
ID9248,280.0,528.0540540540541
ID10245,280.0,631.6216216216217
ID6213,280.0,767.6216216216217
ID11223,280.0,394.27027027027026
ID7145,280.0,840.4594594594595
ID3622,280.0,816.3243243243244
ID8216,281.0,513.1351351351351
ID4925,281.0,287.5405405405405
ID9250,281.0,537.5945945945946
ID10247,281.0,640.0540540540541
ID6216,281.0,772.4864864864865
ID11228,281.0,383.56756756756755
ID7147,281.0,832.5945945945946
ID3624,281.0,814.7297297297297
ID8219,282.0,518.4594594594595
ID4928,282.0,294.9189189189189
ID9252,282.0,546.4594594594595
ID10249,282.0,641.7297297297297
ID6219,282.0,758.6756756756756
ID11232,282.0,389.86486486486484
ID7149,282.0,824.2432432432432
ID3626,282.0,825.4594594594595
ID8222,283.0,512.7027027027027
ID4931,283.0,285.6216216216216
ID9254,283.0,532.4324324324324
ID10251,283.0,645.7297297297297
ID6222,283.0,760.7027027027027
ID11236,283.0,389.97297297297297
ID7151,283.0,829.4864864864865
ID3628,283.0,828.918918918919
ID8225,284.0,518.8108108108108
ID4934,284.0,296.4054054054054
ID9256,284.0,525.4594594594595
ID10253,284.0,638.5135135135135
ID6225,284.0,768.6756756756756
ID11244,284.0,375.5945945945946
ID7153,284.0,825.0540540540541
ID3630,284.0,819.7567567567568
ID8228,285.0,521.027027027027
ID4938,285.0,301.7027027027027
ID9258,285.0,520.2702702702703
ID10255,285.0,634.8108108108108
ID6228,285.0,770.4324324324324
ID11247,285.0,385.2162162162162
ID7155,285.0,825.3783783783783
ID3632,285.0,786.8648648648649
ID8231,286.0,515.2432432432432
ID4942,286.0,288.7567567567568
ID9260,286.0,519.5135135135135
ID10257,286.0,623.7837837837837
ID6231,286.0,752.0
ID11251,286.0,379.02702702702703
ID7157,286.0,829.2162162162163
ID3634,286.0,792.1621621621622
ID8234,287.0,504.43243243243245
ID4945,287.0,279.35135135135135
ID9262,287.0,518.4864864864865
ID10259,287.0,625.1891891891892
ID6234,287.0,754.027027027027
ID11255,287.0,389.8918918918919
ID7159,287.0,827.081081081081
ID3636,287.0,795.4864864864865
ID8237,288.0,507.94594594594594
ID4948,288.0,281.2432432432432
ID9264,288.0,515.2702702702703
ID10261,288.0,632.5675675675676
ID6237,288.0,763.8108108108108
ID7161,288.0,832.4864864864865
ID11259,288.0,394.64864864864865
ID3638,288.0,816.6216216216217
ID8240,289.0,504.8378378378378
ID4951,289.0,297.8378378378378
ID9266,289.0,514.4594594594595
ID10263,289.0,636.1891891891892
ID6240,289.0,757.4864864864865
ID7163,289.0,831.9459459459459
ID11264,289.0,398.0810810810811
ID3640,289.0,793.5675675675676
ID8243,290.0,502.4864864864865
ID4956,290.0,279.0
ID9268,290.0,506.64864864864865
ID10265,290.0,634.9459459459459
ID6243,290.0,750.6216216216217
ID7165,290.0,826.4594594594595
ID11268,290.0,398.4054054054054
ID3642,290.0,784.8918918918919
ID8246,291.0,534.7837837837837
ID4959,291.0,298.35135135135135
ID9270,291.0,549.1891891891892
ID10267,291.0,673.8378378378378
ID6246,291.0,794.6216216216217
ID7167,291.0,877.081081081081
ID11272,291.0,393.35135135135135
ID3644,291.0,842.0
ID8249,292.0,500.86486486486484
ID4964,292.0,332.3243243243243
ID9272,292.0,485.7567567567568
ID10269,292.0,613.0
ID6249,292.0,733.2162162162163
ID7170,292.0,807.4594594594595
ID11276,292.0,402.3783783783784
ID3646,292.0,753.8378378378378
ID8252,293.0,528.3243243243244
ID4967,293.0,304.97297297297297
ID9274,293.0,549.3243243243244
ID10271,293.0,659.8918918918919
ID6252,293.0,795.7567567567568
ID7172,293.0,868.3243243243244
ID11280,293.0,387.3243243243243
ID3648,293.0,834.7837837837837
ID8256,294.0,482.3243243243243
ID4974,294.0,314.13513513513516
ID9276,294.0,483.35135135135135
ID10273,294.0,608.8378378378378
ID6254,294.0,765.7297297297297
ID7175,294.0,792.918918918919
ID11285,294.0,376.7567567567568
ID3650,294.0,742.1621621621622
ID8259,295.0,502.6216216216216
ID4977,295.0,288.64864864864865
ID9278,295.0,517.8378378378378
ID10275,295.0,616.918918918919
ID6257,295.0,734.9459459459459
ID7177,295.0,825.1351351351351
ID11289,295.0,401.9189189189189
ID3652,295.0,768.6216216216217
ID8263,296.0,504.02702702702703
ID4982,296.0,299.8918918918919
ID9280,296.0,517.7027027027027
ID10277,296.0,605.2432432432432
ID6260,296.0,750.6756756756756
ID7179,296.0,819.6216216216217
ID11293,296.0,388.1621621621622
ID3654,296.0,768.8648648648649
ID8266,297.0,495.02702702702703
ID4985,297.0,284.8378378378378
ID9282,297.0,511.2432432432432
ID10279,297.0,623.3513513513514
ID6263,297.0,743.7027027027027
ID7181,297.0,821.3783783783783
ID11297,297.0,380.7027027027027
ID3656,297.0,786.1891891891892
ID8270,298.0,526.4324324324324
ID4988,298.0,296.81081081081084
ID9284,298.0,544.081081081081
ID10281,298.0,659.3243243243244
ID6266,298.0,798.1891891891892
ID7183,298.0,884.5675675675676
ID11302,298.0,389.7837837837838
ID3658,298.0,844.2972972972973
ID8274,299.0,494.56756756756755
ID4994,299.0,299.4864864864865
ID9286,299.0,499.64864864864865
ID10283,299.0,598.1351351351351
ID6268,299.0,732.7567567567568
ID7186,299.0,789.027027027027
ID11306,299.0,378.18918918918916
ID3660,299.0,746.7567567567568
ID8277,300.0,497.35135135135135
ID4997,300.0,292.94594594594594
ID9288,300.0,510.86486486486484
ID10285,300.0,617.1081081081081
ID6271,300.0,744.4054054054054
ID7188,300.0,815.4324324324324
ID11310,300.0,394.6756756756757
ID3662,300.0,765.1351351351351
ID8281,301.0,494.72972972972974
ID5001,301.0,287.7837837837838
ID9290,301.0,497.4054054054054
ID10287,301.0,613.5405405405405
ID6274,301.0,742.2162162162163
ID7190,301.0,822.6216216216217
ID11314,301.0,387.5945945945946
ID3664,301.0,760.1621621621622
ID8284,302.0,499.2162162162162
ID5004,302.0,276.4054054054054
ID9293,302.0,446.7567567567568
ID10289,302.0,622.027027027027
ID6277,302.0,744.7837837837837
ID7192,302.0,812.027027027027
ID11318,302.0,377.94594594594594
ID3666,302.0,762.3513513513514
ID8288,303.0,527.1081081081081
ID5008,303.0,290.2972972972973
ID9296,303.0,489.0
ID10291,303.0,654.1081081081081
ID6280,303.0,793.2972972972973
ID7194,303.0,866.2972972972973
ID11323,303.0,386.5945945945946
ID3668,303.0,849.8378378378378
ID8292,304.0,489.9189189189189
ID5011,304.0,271.7567567567568
ID9300,304.0,426.0810810810811
ID10293,304.0,600.7837837837837
ID6282,304.0,765.5945945945946
ID7197,304.0,791.5675675675676
ID11327,304.0,380.5945945945946
ID3670,304.0,752.4594594594595
ID8295,305.0,507.5135135135135
ID5014,305.0,283.5945945945946
ID9303,305.0,436.4054054054054
ID10295,305.0,624.8378378378378
ID6285,305.0,739.6216216216217
ID7199,305.0,827.6216216216217
ID11331,305.0,386.8918918918919
ID3672,305.0,765.7567567567568
ID8299,306.0,507.7027027027027
ID5017,306.0,268.0810810810811
ID9306,306.0,446.35135135135135
ID10297,306.0,613.5405405405405
ID6288,306.0,739.918918918919
ID7201,306.0,816.4054054054054
ID11335,306.0,379.94594594594594
ID3674,306.0,779.9459459459459
ID8303,307.0,524.6216216216217
ID5021,307.0,287.4864864864865
ID9309,307.0,480.0810810810811
ID10299,307.0,661.2162162162163
ID6291,307.0,793.4324324324324
ID7203,307.0,875.9459459459459
ID11340,307.0,398.0
ID3676,307.0,845.3513513513514
ID8306,308.0,490.5945945945946
ID5026,308.0,318.2162162162162
ID9313,308.0,433.5135135135135
ID10301,308.0,596.1621621621622
ID6294,308.0,750.3513513513514
ID7206,308.0,797.1621621621622
ID11344,308.0,369.3783783783784
ID3678,308.0,741.4864864864865
ID8309,309.0,528.5135135135135
ID5030,309.0,277.0810810810811
ID9316,309.0,478.43243243243245
ID10303,309.0,672.1891891891892
ID6297,309.0,802.5675675675676
ID7208,309.0,870.8108108108108
ID11349,309.0,387.1081081081081
ID3680,309.0,838.5405405405405
ID8313,310.0,495.7027027027027
ID5034,310.0,290.4864864864865
ID9320,310.0,424.5135135135135
ID10305,310.0,608.3243243243244
ID6300,310.0,716.4324324324324
ID7211,310.0,786.918918918919
ID11353,310.0,384.7027027027027
ID3682,310.0,757.8378378378378
ID8316,311.0,505.6216216216216
ID5037,311.0,277.94594594594594
ID9323,311.0,438.8918918918919
ID10307,311.0,620.5405405405405
ID6303,311.0,735.6216216216217
ID7213,311.0,815.3513513513514
ID11357,311.0,371.43243243243245
ID3684,311.0,772.1081081081081
ID8320,312.0,511.05405405405406
ID5040,312.0,281.35135135135135
ID9327,312.0,447.3243243243243
ID10309,312.0,618.081081081081
ID6305,312.0,734.0
ID7215,312.0,811.8918918918919
ID11361,312.0,385.5405405405405
ID3686,312.0,779.6486486486486
ID8324,313.0,513.8648648648649
ID5045,313.0,292.4054054054054
ID9331,313.0,445.18918918918916
ID10311,313.0,626.1081081081081
ID6308,313.0,757.918918918919
ID7217,313.0,809.3513513513514
ID11365,313.0,373.8918918918919
ID3688,313.0,777.918918918919
ID8327,314.0,514.3513513513514
ID5048,314.0,280.43243243243245
ID9334,314.0,452.56756756756755
ID10313,314.0,627.3243243243244
ID6311,314.0,781.1621621621622
ID7219,314.0,817.1351351351351
ID11369,314.0,378.7027027027027
ID3690,314.0,788.8378378378378
ID8330,315.0,503.2972972972973
ID5052,315.0,277.7027027027027
ID9337,315.0,437.2432432432432
ID10315,315.0,619.7297297297297
ID6314,315.0,750.1081081081081
ID7221,315.0,803.4864864864865
ID11373,315.0,382.94594594594594
ID3692,315.0,796.7837837837837
ID8333,316.0,532.7567567567568
ID5055,316.0,292.0810810810811
ID9339,316.0,461.27027027027026
ID10317,316.0,671.7297297297297
ID6317,316.0,795.4594594594595
ID7223,316.0,862.2432432432432
ID11376,316.0,393.6216216216216
ID3694,316.0,882.4594594594595
ID8337,317.0,494.6216216216216
ID5060,317.0,294.97297297297297
ID9342,317.0,435.9189189189189
ID10319,317.0,601.8378378378378
ID6319,317.0,774.5675675675676
ID7226,317.0,783.4324324324324
ID11380,317.0,377.18918918918916
ID3696,317.0,763.8918918918919
ID8340,318.0,508.6756756756757
ID5066,318.0,275.5135135135135
ID9344,318.0,442.5135135135135
ID10321,318.0,621.8108108108108
ID6322,318.0,740.8378378378378
ID7228,318.0,798.0
ID11384,318.0,381.35135135135135
ID3698,318.0,800.0540540540541
ID8343,319.0,499.8378378378378
ID5069,319.0,278.13513513513516
ID9347,319.0,448.7567567567568
ID10323,319.0,610.918918918919
ID6325,319.0,729.3783783783783
ID7230,319.0,799.027027027027
ID11388,319.0,390.4054054054054
ID3700,319.0,793.2972972972973
ID8346,320.0,501.0810810810811
ID5072,320.0,269.2162162162162
ID9350,320.0,447.0810810810811
ID10325,320.0,635.4054054054054
ID6328,320.0,745.0540540540541
ID7232,320.0,802.8648648648649
ID11392,320.0,395.5945945945946
ID3702,320.0,785.4864864864865
ID8349,321.0,532.5675675675676
ID5077,321.0,297.6216216216216
ID9353,321.0,476.8918918918919
ID10327,321.0,675.5675675675676
ID6331,321.0,773.5135135135135
ID7234,321.0,851.2972972972973
ID11397,321.0,402.27027027027026
ID3704,321.0,830.027027027027
ID8353,322.0,488.81081081081084
ID5082,322.0,302.27027027027026
ID9356,322.0,432.3243243243243
ID10329,322.0,591.5675675675676
ID6333,322.0,745.4864864864865
ID7237,322.0,772.2702702702703
ID11401,322.0,391.8378378378378
ID3706,322.0,752.4864864864865
ID8356,323.0,505.8378378378378
ID5085,323.0,265.97297297297297
ID9359,323.0,435.7837837837838
ID10331,323.0,623.5135135135135
ID6336,323.0,768.5675675675676
ID7239,323.0,790.6756756756756
ID11405,323.0,390.7837837837838
ID3708,323.0,787.5945945945946
ID8360,324.0,511.05405405405406
ID5090,324.0,284.3783783783784
ID9363,324.0,451.56756756756755
ID10333,324.0,608.8918918918919
ID6339,324.0,766.4054054054054
ID7241,324.0,796.3783783783783
ID11409,324.0,384.97297297297297
ID3710,324.0,783.1621621621622
ID8363,325.0,528.027027027027
ID5093,325.0,295.1621621621622
ID9367,325.0,462.86486486486484
ID10335,325.0,656.4594594594595
ID6342,325.0,773.0540540540541
ID7243,325.0,854.2432432432432
ID11413,325.0,392.5135135135135
ID3712,325.0,869.8378378378378
ID8366,326.0,499.4864864864865
ID5098,326.0,271.7567567567568
ID9370,326.0,437.27027027027026
ID10337,326.0,603.5675675675676
ID6344,326.0,752.4054054054054
ID7246,326.0,797.2972972972973
ID11417,326.0,384.97297297297297
ID3714,326.0,762.4864864864865
ID8369,327.0,506.81081081081084
ID5102,327.0,285.7837837837838
ID9372,327.0,440.5945945945946
ID10339,327.0,619.8918918918919
ID6347,327.0,770.1351351351351
ID7248,327.0,802.7027027027027
ID11421,327.0,385.4864864864865
ID3716,327.0,782.1351351351351
ID8372,328.0,505.3783783783784
ID5106,328.0,283.4864864864865
ID9376,328.0,449.3783783783784
ID10341,328.0,608.0
ID6350,328.0,765.6486486486486
ID7250,328.0,801.2162162162163
ID11425,328.0,385.7027027027027
ID3718,328.0,794.7567567567568
ID8375,329.0,522.3783783783783
ID5111,329.0,290.0810810810811
ID9379,329.0,468.81081081081084
ID10343,329.0,658.2972972972973
ID6353,329.0,783.1081081081081
ID7252,329.0,856.2432432432432
ID11429,329.0,388.81081081081084
ID3720,329.0,860.7567567567568
ID8379,330.0,480.6216216216216
ID5116,330.0,315.56756756756755
ID9382,330.0,439.2162162162162
ID10345,330.0,582.0540540540541
ID6355,330.0,749.2432432432432
ID7255,330.0,791.918918918919
ID11433,330.0,379.94594594594594
ID3722,330.0,764.8378378378378
ID8383,331.0,529.5945945945946
ID5120,331.0,290.5405405405405
ID9384,331.0,461.2972972972973
ID10347,331.0,652.918918918919
ID6358,331.0,784.4054054054054
ID7257,331.0,906.5675675675676
ID11438,331.0,388.3783783783784
ID3724,331.0,860.7297297297297
ID8387,332.0,495.64864864864865
ID5125,332.0,298.6756756756757
ID9387,332.0,433.7837837837838
ID10349,332.0,597.5135135135135
ID6360,332.0,759.2972972972973
ID7260,332.0,795.4054054054054
ID11442,332.0,384.3783783783784
ID3726,332.0,762.4324324324324
ID8390,333.0,534.2702702702703
ID5128,333.0,297.64864864864865
ID9389,333.0,488.3783783783784
ID10351,333.0,667.4864864864865
ID6363,333.0,801.9459459459459
ID7262,333.0,886.8918918918919
ID11446,333.0,391.86486486486484
ID3728,333.0,898.6216216216217
ID8394,334.0,497.81081081081084
ID5134,334.0,321.8918918918919
ID9393,334.0,450.3243243243243
ID10353,334.0,607.5945945945946
ID6365,334.0,734.4054054054054
ID7265,334.0,797.7297297297297
ID11450,334.0,381.0810810810811
ID3730,334.0,777.9459459459459
ID8397,335.0,504.13513513513516
ID5137,335.0,279.2162162162162
ID9396,335.0,452.2432432432432
ID10355,335.0,627.1621621621622
ID6368,335.0,754.1351351351351
ID7267,335.0,812.0
ID11454,335.0,379.81081081081084
ID3732,335.0,792.4054054054054
ID8401,336.0,518.9459459459459
ID5141,336.0,285.18918918918916
ID9399,336.0,455.7837837837838
ID10357,336.0,627.9459459459459
ID6371,336.0,780.7297297297297
ID7269,336.0,822.4324324324324
ID11458,336.0,383.7837837837838
ID3734,336.0,802.8108108108108
ID8404,337.0,510.2972972972973
ID5145,337.0,287.5135135135135
ID9402,337.0,448.4864864864865
ID10359,337.0,626.5675675675676
ID6374,337.0,766.8648648648649
ID7271,337.0,825.8378378378378
ID11462,337.0,381.94594594594594
ID3736,337.0,811.2702702702703
ID8407,338.0,507.97297297297297
ID5148,338.0,290.5135135135135
ID9405,338.0,448.43243243243245
ID10361,338.0,626.4054054054054
ID6377,338.0,772.1081081081081
ID7273,338.0,830.6756756756756
ID11466,338.0,382.97297297297297
ID3738,338.0,807.3243243243244
ID8411,339.0,514.8918918918919
ID5152,339.0,286.94594594594594
ID9408,339.0,445.97297297297297
ID10363,339.0,630.5675675675676
ID6380,339.0,742.7297297297297
ID7275,339.0,830.6756756756756
ID11471,339.0,381.5135135135135
ID3740,339.0,791.3243243243244
ID8414,340.0,517.2162162162163
ID5156,340.0,286.81081081081084
ID9411,340.0,437.56756756756755
ID10365,340.0,626.2702702702703
ID6383,340.0,741.081081081081
ID7277,340.0,827.4324324324324
ID11475,340.0,371.94594594594594
ID3742,340.0,787.918918918919
ID8417,341.0,509.7567567567568
ID5159,341.0,274.81081081081084
ID9414,341.0,444.7027027027027
ID10367,341.0,633.5135135135135
ID6386,341.0,749.3513513513514
ID7279,341.0,821.4864864864865
ID11479,341.0,379.5945945945946
ID3744,341.0,790.6486486486486
ID8420,342.0,499.0810810810811
ID5163,342.0,285.18918918918916
ID9417,342.0,440.81081081081084
ID10369,342.0,634.9459459459459
ID6389,342.0,745.3513513513514
ID7281,342.0,831.7297297297297
ID11484,342.0,388.72972972972974
ID3746,342.0,801.7837837837837
ID8423,343.0,496.64864864864865
ID5168,343.0,336.6216216216216
ID9420,343.0,450.86486486486484
ID10371,343.0,625.9459459459459
ID6392,343.0,741.2432432432432
ID7283,343.0,824.972972972973
ID11489,343.0,377.0810810810811
ID3748,343.0,783.2702702702703
ID8427,344.0,509.5405405405405
ID5175,344.0,296.72972972972974
ID9423,344.0,443.3783783783784
ID10373,344.0,624.6216216216217
ID6395,344.0,740.2162162162163
ID7285,344.0,811.7297297297297
ID11493,344.0,390.13513513513516
ID3750,344.0,789.7027027027027
ID8431,345.0,503.02702702702703
ID5179,345.0,295.2162162162162
ID9426,345.0,441.1621621621622
ID10375,345.0,628.2972972972973
ID6398,345.0,742.9459459459459
ID7287,345.0,833.081081081081
ID11497,345.0,391.2162162162162
ID3752,345.0,783.081081081081
ID8435,346.0,517.5405405405405
ID5182,346.0,286.18918918918916
ID9429,346.0,450.8378378378378
ID10377,346.0,623.1351351351351
ID6401,346.0,782.4324324324324
ID7289,346.0,809.9459459459459
ID11501,346.0,386.5945945945946
ID3754,346.0,807.1351351351351
ID8438,347.0,513.4594594594595
ID5185,347.0,294.9189189189189
ID9432,347.0,450.13513513513516
ID10379,347.0,628.3783783783783
ID6404,347.0,751.027027027027
ID7291,347.0,864.2162162162163
ID11505,347.0,389.86486486486484
ID3756,347.0,812.1081081081081
ID8441,348.0,526.081081081081
ID5188,348.0,294.7837837837838
ID9435,348.0,450.8918918918919
ID10381,348.0,630.3243243243244
ID6407,348.0,790.1351351351351
ID7293,348.0,861.918918918919
ID11509,348.0,386.3783783783784
ID3758,348.0,814.2162162162163
ID8444,349.0,520.1621621621622
ID5192,349.0,283.9189189189189
ID9438,349.0,460.43243243243245
ID10383,349.0,632.5675675675676
ID6410,349.0,749.7297297297297
ID7295,349.0,825.8108108108108
ID11513,349.0,384.5945945945946
ID3760,349.0,826.3783783783783
ID8447,350.0,512.1081081081081
ID5195,350.0,297.5405405405405
ID9440,350.0,448.81081081081084
ID10385,350.0,629.8378378378378
ID6413,350.0,741.9459459459459
ID7297,350.0,851.9459459459459
ID11517,350.0,383.2432432432432
ID3762,350.0,813.7297297297297
ID8450,351.0,515.1891891891892
ID5198,351.0,291.1621621621622
ID9442,351.0,459.4594594594595
ID10387,351.0,640.4324324324324
ID6416,351.0,741.0
ID7299,351.0,801.972972972973
ID11521,351.0,384.8378378378378
ID3764,351.0,819.8378378378378
ID8453,352.0,526.027027027027
ID5202,352.0,281.2972972972973
ID9445,352.0,445.5135135135135
ID10389,352.0,632.2972972972973
ID6419,352.0,753.9459459459459
ID7301,352.0,862.5405405405405
ID11525,352.0,379.4054054054054
ID3766,352.0,817.5675675675676
ID8457,353.0,522.3513513513514
ID5205,353.0,300.2432432432432
ID9447,353.0,460.5135135135135
ID10391,353.0,634.4864864864865
ID6422,353.0,750.8108108108108
ID7303,353.0,851.6756756756756
ID11529,353.0,386.5135135135135
ID3768,353.0,825.5405405405405
ID8460,354.0,519.7837837837837
ID5210,354.0,308.6756756756757
ID9449,354.0,454.8918918918919
ID10393,354.0,626.8378378378378
ID6425,354.0,789.8648648648649
ID7305,354.0,864.0540540540541
ID11533,354.0,377.2162162162162
ID3770,354.0,823.9459459459459
ID8463,355.0,520.4054054054054
ID5213,355.0,282.0
ID9451,355.0,456.1081081081081
ID10395,355.0,620.2972972972973
ID6428,355.0,754.972972972973
ID7307,355.0,862.1891891891892
ID11537,355.0,378.97297297297297
ID3772,355.0,831.0540540540541
ID8466,356.0,512.8918918918919
ID5217,356.0,279.27027027027026
ID9454,356.0,459.2432432432432
ID10397,356.0,634.6216216216217
ID6431,356.0,779.3243243243244
ID7309,356.0,864.8648648648649
ID11541,356.0,380.7837837837838
ID3774,356.0,819.8648648648649
ID8469,357.0,509.43243243243245
ID5222,357.0,287.3783783783784
ID9456,357.0,457.8918918918919
ID10399,357.0,629.6756756756756
ID6434,357.0,741.8918918918919
ID7311,357.0,839.7567567567568
ID11545,357.0,379.7567567567568
ID3776,357.0,818.081081081081
ID8472,358.0,508.4054054054054
ID5225,358.0,294.27027027027026
ID9458,358.0,453.1621621621622
ID10401,358.0,631.3513513513514
ID6437,358.0,762.5135135135135
ID7313,358.0,818.4054054054054
ID11550,358.0,363.2972972972973
ID3778,358.0,834.8918918918919
ID8475,359.0,520.5945945945946
ID5228,359.0,282.02702702702703
ID9460,359.0,452.7837837837838
ID10403,359.0,633.027027027027
ID6440,359.0,731.3783783783783
ID7315,359.0,878.0
ID11554,359.0,382.1081081081081
ID3780,359.0,820.4054054054054
ID8479,360.0,519.9459459459459
ID5232,360.0,291.4864864864865
ID9462,360.0,456.27027027027026
ID10405,360.0,619.5945945945946
ID6443,360.0,742.6756756756756
ID7317,360.0,874.8108108108108
ID11559,360.0,388.1621621621622
ID3782,360.0,817.3513513513514
ID8482,361.0,518.1351351351351
ID5236,361.0,297.05405405405406
ID9464,361.0,450.4864864864865
ID10407,361.0,631.0
ID6446,361.0,745.5135135135135
ID7319,361.0,869.5945945945946
ID11563,361.0,383.8918918918919
ID3784,361.0,822.4594594594595
ID8485,362.0,514.9459459459459
ID5241,362.0,308.7027027027027
ID9467,362.0,467.2162162162162
ID10409,362.0,618.7837837837837
ID6449,362.0,784.972972972973
ID7321,362.0,860.2702702702703
ID11568,362.0,380.6216216216216
ID3786,362.0,818.2162162162163
ID8488,363.0,515.7027027027027
ID5244,363.0,293.3243243243243
ID9470,363.0,464.27027027027026
ID10411,363.0,631.6216216216217
ID6452,363.0,794.7027027027027
ID7323,363.0,856.4324324324324
ID11573,363.0,379.27027027027026
ID3788,363.0,814.4324324324324
ID8491,364.0,519.2432432432432
ID5247,364.0,280.94594594594594
ID9474,364.0,456.9189189189189
ID10413,364.0,623.4594594594595
ID6455,364.0,757.4594594594595
ID7325,364.0,858.1081081081081
ID11578,364.0,376.3783783783784
ID3790,364.0,815.081081081081
ID8494,365.0,462.8378378378378
ID5251,365.0,276.43243243243245
ID9478,365.0,423.4054054054054
ID10415,365.0,557.081081081081
ID6457,365.0,720.4324324324324
ID7327,365.0,767.4594594594595
ID11582,365.0,371.6756756756757
ID3792,365.0,716.5405405405405
ID8498,366.0,523.918918918919
ID5255,366.0,290.8378378378378
ID9480,366.0,477.0810810810811
ID10417,366.0,629.8648648648649
ID6460,366.0,763.5405405405405
ID7329,366.0,873.4864864864865
ID11586,366.0,381.3243243243243
ID3794,366.0,842.8648648648649
ID8502,367.0,527.5675675675676
ID5258,367.0,295.81081081081084
ID9484,367.0,479.97297297297297
ID10419,367.0,656.7297297297297
ID6463,367.0,792.5675675675676
ID7332,367.0,895.0
ID11590,367.0,378.5135135135135
ID3796,367.0,865.1351351351351
ID8505,368.0,494.35135135135135
ID5263,368.0,259.18918918918916
ID9488,368.0,433.86486486486484
ID10421,368.0,594.4324324324324
ID6465,368.0,752.6216216216217
ID7334,368.0,784.2972972972973
ID11594,368.0,369.1081081081081
ID3798,368.0,762.1351351351351
ID8508,369.0,530.6216216216217
ID5273,369.0,283.13513513513516
ID9491,369.0,477.6756756756757
ID10423,369.0,647.2432432432432
ID6468,369.0,779.6486486486486
ID7336,369.0,879.4594594594595
ID11598,369.0,379.5405405405405
ID3800,369.0,846.3783783783783
ID8511,370.0,525.7567567567568
ID5277,370.0,283.8378378378378
ID9495,370.0,477.7837837837838
ID10425,370.0,651.4054054054054
ID6471,370.0,781.1891891891892
ID7339,370.0,844.7027027027027
ID11602,370.0,391.72972972972974
ID3802,370.0,883.0540540540541
ID8514,371.0,495.5405405405405
ID5284,371.0,285.43243243243245
ID9498,371.0,426.3243243243243
ID10427,371.0,591.5135135135135
ID6474,371.0,765.027027027027
ID7341,371.0,760.9459459459459
ID11606,371.0,371.8378378378378
ID3804,371.0,742.1621621621622
ID8517,372.0,525.0540540540541
ID5287,372.0,301.0
ID9501,372.0,476.94594594594594
ID10429,372.0,638.1351351351351
ID6477,372.0,782.0
ID7343,372.0,878.8108108108108
ID11610,372.0,386.13513513513516
ID3806,372.0,863.9459459459459
ID8520,373.0,533.7567567567568
ID5291,373.0,299.8918918918919
ID9505,373.0,474.97297297297297
ID10431,373.0,656.3783783783783
ID6480,373.0,772.6216216216217
ID7346,373.0,889.2432432432432
ID11615,373.0,372.2972972972973
ID3808,373.0,873.5945945945946
ID8523,374.0,486.43243243243245
ID5296,374.0,313.56756756756755
ID9509,374.0,438.94594594594594
ID10433,374.0,592.8648648648649
ID6482,374.0,758.7567567567568
ID7348,374.0,773.0540540540541
ID11619,374.0,377.5135135135135
ID3810,374.0,762.9459459459459
ID8526,375.0,528.7567567567568
ID5298,375.0,308.5135135135135
ID9512,375.0,479.9189189189189
ID10435,375.0,640.081081081081
ID6485,375.0,786.4324324324324
ID7350,375.0,879.7567567567568
ID11624,375.0,381.72972972972974
ID3812,375.0,865.0540540540541
ID8530,376.0,486.8378378378378
ID5300,376.0,314.2432432432432
ID9516,376.0,432.18918918918916
ID10437,376.0,575.0
ID6487,376.0,753.4054054054054
ID7353,376.0,762.7837837837837
ID11628,376.0,376.5945945945946
ID3814,376.0,753.081081081081
ID8533,377.0,518.3513513513514
ID5302,377.0,308.27027027027026
ID9519,377.0,490.4864864864865
ID10439,377.0,651.7567567567568
ID6490,377.0,763.972972972973
ID7355,377.0,839.4594594594595
ID11632,377.0,385.02702702702703
ID3816,377.0,845.6486486486486
ID8537,378.0,529.3513513513514
ID5304,378.0,303.7567567567568
ID9522,378.0,467.94594594594594
ID10441,378.0,632.8108108108108
ID6493,378.0,767.3513513513514
ID7358,378.0,838.918918918919
ID11637,378.0,388.02702702702703
ID3818,378.0,859.8918918918919
ID8540,379.0,522.8918918918919
ID5306,379.0,307.7837837837838
ID9525,379.0,473.0
ID10443,379.0,647.5405405405405
ID6496,379.0,771.5405405405405
ID7360,379.0,846.6486486486486
ID11642,379.0,380.3783783783784
ID3820,379.0,861.4594594594595
ID8543,380.0,485.4864864864865
ID5308,380.0,307.56756756756755
ID9528,380.0,424.35135135135135
ID10445,380.0,574.4864864864865
ID6498,380.0,748.5945945945946
ID7362,380.0,790.7027027027027
ID11646,380.0,376.3243243243243
ID3822,380.0,745.3513513513514
ID8546,381.0,527.5675675675676
ID5310,381.0,306.27027027027026
ID9531,381.0,467.1621621621622
ID10447,381.0,645.8378378378378
ID6501,381.0,753.972972972973
ID7364,381.0,880.1081081081081
ID11650,381.0,383.8918918918919
ID3824,381.0,852.9459459459459
ID8549,382.0,520.4054054054054
ID5312,382.0,310.56756756756755
ID9535,382.0,485.0810810810811
ID10449,382.0,643.4054054054054
ID6504,382.0,769.8648648648649
ID7367,382.0,887.081081081081
ID11654,382.0,378.0810810810811
ID3826,382.0,876.2162162162163
