LABEL,POSITION_T,Mean ch1
Label,T,Mean ch1
,(sec),(counts)
ID12447,0.0,649.3809523809524
ID13514,0.0,609.8095238095239
ID9629,0.0,392.5238095238095
ID14286,0.0,385.0952380952381
ID10780,0.0,476.2857142857143
ID11567,0.0,395.85714285714283
ID12450,1.0,610.0
ID13520,1.0,597.5714285714286
ID9634,1.0,355.4761904761905
ID14290,1.0,391.95238095238096
ID10786,1.0,401.14285714285717
ID11573,1.0,406.95238095238096
ID12453,2.0,622.7619047619048
ID13523,2.0,612.0
ID9637,2.0,380.0
ID14293,2.0,371.85714285714283
ID10788,2.0,426.8095238095238
ID11580,2.0,397.6666666666667
ID12455,3.0,625.8571428571429
ID13525,3.0,649.6666666666666
ID9640,3.0,355.8095238095238
ID14296,3.0,373.42857142857144
ID10790,3.0,429.1904761904762
ID11586,3.0,393.3809523809524
ID12457,4.0,553.7142857142857
ID13527,4.0,592.2380952380952
ID9643,4.0,332.8095238095238
ID14299,4.0,434.23809523809524
ID10792,4.0,372.6666666666667
ID11590,4.0,317.3333333333333
ID12459,5.0,633.2380952380952
ID13529,5.0,642.952380952381
ID9646,5.0,359.04761904761904
ID14303,5.0,407.9047619047619
ID10795,5.0,426.57142857142856
ID11593,5.0,408.6190476190476
ID12461,6.0,560.6666666666666
ID13531,6.0,569.3809523809524
ID9649,6.0,330.1904761904762
ID14305,6.0,394.3809523809524
ID10797,6.0,375.1904761904762
ID11597,6.0,345.6190476190476
ID12463,7.0,595.4285714285714
ID13533,7.0,586.6190476190476
ID9652,7.0,367.9047619047619
ID14307,7.0,387.76190476190476
ID10799,7.0,393.42857142857144
ID11601,7.0,368.57142857142856
ID12465,8.0,603.7142857142857
ID13535,8.0,592.3333333333334
ID9654,8.0,350.95238095238096
ID14309,8.0,386.2857142857143
ID10801,8.0,405.9047619047619
ID11605,8.0,319.2857142857143
ID12467,9.0,603.1428571428571
ID13537,9.0,589.0
ID9657,9.0,352.8095238095238
ID14311,9.0,384.5238095238095
ID10803,9.0,404.6190476190476
ID11609,9.0,372.04761904761904
ID12469,10.0,591.2380952380952
ID13539,10.0,584.1428571428571
ID9660,10.0,366.04761904761904
ID14313,10.0,392.8095238095238
ID10805,10.0,409.23809523809524
ID11615,10.0,337.23809523809524
ID12471,11.0,610.3333333333334
ID13541,11.0,582.4761904761905
ID9663,11.0,408.95238095238096
ID14315,11.0,401.0
ID10807,11.0,497.0
ID11622,11.0,333.57142857142856
ID12473,12.0,594.3809523809524
ID13543,12.0,581.6190476190476
ID9666,12.0,403.5238095238095
ID14317,12.0,389.6190476190476
ID10809,12.0,487.0952380952381
ID11628,12.0,387.8095238095238
ID12475,13.0,598.9047619047619
ID13545,13.0,587.1904761904761
ID9669,13.0,394.04761904761904
ID14319,13.0,406.2857142857143
ID10811,13.0,440.0
ID11630,13.0,395.14285714285717
ID12477,14.0,590.6190476190476
ID13547,14.0,592.0952380952381
ID9672,14.0,398.14285714285717
ID14321,14.0,394.1904761904762
ID10813,14.0,432.3809523809524
ID11634,14.0,352.0952380952381
ID12479,15.0,608.047619047619
ID13549,15.0,595.2380952380952
ID9675,15.0,373.2857142857143
ID14323,15.0,412.23809523809524
ID10815,15.0,425.2857142857143
ID11636,15.0,367.5238095238095
ID12481,16.0,540.1428571428571
ID13551,16.0,540.8095238095239
ID9678,16.0,336.42857142857144
ID14325,16.0,377.2857142857143
ID10817,16.0,369.23809523809524
ID11638,16.0,349.76190476190476
ID12483,17.0,630.9047619047619
ID13553,17.0,624.2857142857143
ID9681,17.0,399.2857142857143
ID14327,17.0,417.2857142857143
ID10819,17.0,467.6190476190476
ID11640,17.0,397.23809523809524
ID12485,18.0,597.3333333333334
ID13555,18.0,572.3809523809524
ID9684,18.0,345.6666666666667
ID14329,18.0,388.57142857142856
ID10821,18.0,393.4761904761905
ID11646,18.0,335.95238095238096
ID12487,19.0,605.1904761904761
ID13557,19.0,594.0952380952381
ID9687,19.0,355.3809523809524
ID14331,19.0,395.95238095238096
ID10823,19.0,407.1904761904762
ID11649,19.0,367.6190476190476
ID12489,20.0,611.3809523809524
ID13559,20.0,588.6190476190476
ID9690,20.0,362.5238095238095
ID14335,20.0,388.76190476190476
ID10825,20.0,401.2857142857143
ID11653,20.0,338.57142857142856
ID12491,21.0,605.0952380952381
ID13561,21.0,591.1428571428571
ID9693,21.0,358.6666666666667
ID14338,21.0,343.76190476190476
ID10827,21.0,387.04761904761904
ID11659,21.0,387.4761904761905
ID12493,22.0,610.2380952380952
ID13563,22.0,588.952380952381
ID9696,22.0,363.7142857142857
ID14341,22.0,353.2857142857143
ID10829,22.0,406.6190476190476
ID11663,22.0,354.23809523809524
ID12495,23.0,595.7619047619048
ID13565,23.0,596.4285714285714
ID9699,23.0,358.76190476190476
ID14344,23.0,396.95238095238096
ID10831,23.0,425.9047619047619
ID11665,23.0,348.85714285714283
ID12497,24.0,583.8095238095239
ID13567,24.0,609.952380952381
ID9702,24.0,447.6666666666667
ID14347,24.0,375.9047619047619
ID10833,24.0,510.0
ID11670,24.0,343.5238095238095
ID12499,25.0,602.8571428571429
ID13569,25.0,612.0952380952381
ID9705,25.0,402.42857142857144
ID14350,25.0,351.7142857142857
ID10835,25.0,479.7142857142857
ID11674,25.0,388.1904761904762
ID12501,26.0,593.8095238095239
ID13571,26.0,615.4285714285714
ID9708,26.0,385.23809523809524
ID14353,26.0,389.6666666666667
ID10837,26.0,444.6190476190476
ID11678,26.0,272.42857142857144
ID12503,27.0,601.6190476190476
ID13573,27.0,614.047619047619
ID9711,27.0,363.7142857142857
ID14356,27.0,354.0
ID10839,27.0,435.6190476190476
ID11681,27.0,357.3333333333333
ID12505,28.0,551.1904761904761
ID13575,28.0,514.0952380952381
ID9714,28.0,326.8095238095238
ID14359,28.0,383.42857142857144
ID10841,28.0,396.2857142857143
ID11686,28.0,295.9047619047619
ID12507,29.0,614.3809523809524
ID13577,29.0,627.3809523809524
ID9717,29.0,378.76190476190476
ID14362,29.0,398.76190476190476
ID10843,29.0,431.9047619047619
ID11690,29.0,341.7142857142857
ID12509,30.0,552.4285714285714
ID13579,30.0,529.7142857142857
ID9720,30.0,342.8095238095238
ID14365,30.0,361.9047619047619
ID10845,30.0,383.95238095238096
ID11692,30.0,304.42857142857144
ID12511,31.0,581.9047619047619
ID13581,31.0,552.6666666666666
ID9723,31.0,338.1904761904762
ID14368,31.0,364.5238095238095
ID10847,31.0,404.0
ID11694,31.0,344.85714285714283
ID12513,32.0,577.9047619047619
ID13583,32.0,573.7619047619048
ID9726,32.0,345.0
ID14371,32.0,375.57142857142856
ID10849,32.0,418.57142857142856
ID11696,32.0,286.76190476190476
ID12515,33.0,576.3809523809524
ID13585,33.0,567.6666666666666
ID9729,33.0,353.0952380952381
ID14374,33.0,368.0
ID10851,33.0,410.8095238095238
ID11698,33.0,354.57142857142856
ID12517,34.0,581.1428571428571
ID13587,34.0,561.8095238095239
ID9732,34.0,347.95238095238096
ID14377,34.0,377.42857142857144
ID10853,34.0,413.4761904761905
ID11700,34.0,402.9047619047619
ID12519,35.0,604.7619047619048
ID13589,35.0,581.2380952380952
ID9735,35.0,368.9047619047619
ID14380,35.0,378.04761904761904
ID10855,35.0,422.6666666666667
ID11702,35.0,408.42857142857144
ID12521,36.0,625.3333333333334
ID13591,36.0,606.3333333333334
ID9738,36.0,416.9047619047619
ID14383,36.0,393.2857142857143
ID10857,36.0,457.5238095238095
ID11704,36.0,336.04761904761904
ID12523,37.0,552.3333333333334
ID13593,37.0,525.7142857142857
ID9741,37.0,379.04761904761904
ID14386,37.0,421.14285714285717
ID10859,37.0,426.42857142857144
ID11706,37.0,332.57142857142856
ID12525,38.0,604.952380952381
ID13595,38.0,625.0952380952381
ID9744,38.0,382.23809523809524
ID14389,38.0,416.04761904761904
ID10861,38.0,479.42857142857144
ID11708,38.0,352.04761904761904
ID12527,39.0,556.1904761904761
ID13597,39.0,520.6666666666666
ID9747,39.0,346.57142857142856
ID14392,39.0,385.14285714285717
ID10863,39.0,394.5238095238095
ID11710,39.0,302.8095238095238
ID12529,40.0,562.7142857142857
ID13599,40.0,558.047619047619
ID9750,40.0,348.1904761904762
ID14395,40.0,378.6666666666667
ID10865,40.0,391.23809523809524
ID11712,40.0,336.3809523809524
ID12531,41.0,569.9047619047619
ID13601,41.0,679.6190476190476
ID9753,41.0,331.14285714285717
ID14398,41.0,472.9047619047619
ID10867,41.0,401.6190476190476
ID11714,41.0,292.85714285714283
ID12533,42.0,569.5238095238095
ID13603,42.0,653.8571428571429
ID9756,42.0,354.04761904761904
ID14401,42.0,429.4761904761905
ID10869,42.0,409.42857142857144
ID11716,42.0,351.0952380952381
ID12535,43.0,586.7619047619048
ID13605,43.0,647.3809523809524
ID9759,43.0,416.2857142857143
ID14404,43.0,426.76190476190476
ID10872,43.0,477.2857142857143
ID11718,43.0,317.0952380952381
ID12537,44.0,591.1904761904761
ID13607,44.0,644.6190476190476
ID9762,44.0,373.4761904761905
ID14407,44.0,403.0
ID10874,44.0,455.0952380952381
ID11720,44.0,322.85714285714283
ID12539,45.0,600.3809523809524
ID13609,45.0,617.4285714285714
ID9765,45.0,367.76190476190476
ID14410,45.0,404.9047619047619
ID10876,45.0,445.57142857142856
ID11722,45.0,343.1904761904762
ID12541,46.0,588.2857142857143
ID13611,46.0,616.4285714285714
ID9768,46.0,361.3333333333333
ID14413,46.0,367.95238095238096
ID10878,46.0,431.5238095238095
ID11724,46.0,350.95238095238096
ID12543,47.0,528.7619047619048
ID13613,47.0,545.047619047619
ID9771,47.0,328.76190476190476
ID14415,47.0,371.8095238095238
ID10880,47.0,376.76190476190476
ID11726,47.0,336.4761904761905
ID12545,48.0,624.1904761904761
ID13615,48.0,625.0952380952381
ID9774,48.0,359.14285714285717
ID14418,48.0,370.04761904761904
ID10882,48.0,445.23809523809524
ID11728,48.0,370.14285714285717
ID12547,49.0,543.952380952381
ID13617,49.0,571.8095238095239
ID9777,49.0,338.7142857142857
ID14421,49.0,385.2857142857143
ID10884,49.0,389.6666666666667
ID11730,49.0,367.04761904761904
ID12549,50.0,572.1904761904761
ID13619,50.0,597.6666666666666
ID9780,50.0,339.2857142857143
ID14425,50.0,373.76190476190476
ID10886,50.0,406.14285714285717
ID11732,50.0,306.76190476190476
ID12551,51.0,564.6666666666666
ID13621,51.0,571.8095238095239
ID9783,51.0,332.3809523809524
ID14428,51.0,370.76190476190476
ID10888,51.0,408.14285714285717
ID11734,51.0,276.2857142857143
ID12553,52.0,571.0
ID13623,52.0,587.3809523809524
ID9786,52.0,354.3333333333333
ID14431,52.0,341.7142857142857
ID10890,52.0,401.95238095238096
ID11736,52.0,319.6666666666667
ID12555,53.0,571.6666666666666
ID13625,53.0,580.6190476190476
ID9789,53.0,352.85714285714283
ID14434,53.0,347.2857142857143
ID10892,53.0,411.0952380952381
ID11738,53.0,300.14285714285717
ID12557,54.0,574.5238095238095
ID13627,54.0,670.8095238095239
ID9792,54.0,360.9047619047619
ID14437,54.0,480.04761904761904
ID10894,54.0,408.85714285714283
ID11740,54.0,308.14285714285717
ID12559,55.0,566.8571428571429
ID13629,55.0,686.1904761904761
ID9795,55.0,361.6190476190476
ID14440,55.0,412.0952380952381
ID10896,55.0,399.85714285714283
ID11742,55.0,294.9047619047619
ID12561,56.0,585.0
ID13631,56.0,707.0
ID9798,56.0,359.4761904761905
ID14443,56.0,404.2857142857143
ID10898,56.0,400.1904761904762
ID11744,56.0,320.3333333333333
ID12439,57.0,355.7142857142857
ID12563,57.0,588.4285714285714
ID13633,57.0,679.7619047619048
ID9801,57.0,365.8095238095238
ID14446,57.0,367.9047619047619
ID10900,57.0,411.14285714285717
ID12565,58.0,678.8095238095239
ID13635,58.0,703.4761904761905
ID9804,58.0,366.9047619047619
ID14449,58.0,387.1904761904762
ID10902,58.0,437.76190476190476
ID11746,58.0,402.3809523809524
ID12568,59.0,668.7619047619048
ID13637,59.0,721.3809523809524
ID9807,59.0,368.14285714285717
ID14452,59.0,348.42857142857144
ID10904,59.0,419.0952380952381
ID11748,59.0,392.3333333333333
ID12570,60.0,660.9047619047619
ID13639,60.0,720.5238095238095
ID9810,60.0,363.3809523809524
ID14456,60.0,387.8095238095238
ID10906,60.0,441.42857142857144
ID11751,60.0,408.3809523809524
ID12572,61.0,586.3333333333334
ID13641,61.0,614.6666666666666
ID9813,61.0,357.23809523809524
ID14459,61.0,359.7142857142857
ID10908,61.0,390.3333333333333
ID11755,61.0,296.04761904761904
ID12574,62.0,585.047619047619
ID13643,62.0,623.6666666666666
ID9816,62.0,410.5238095238095
ID14462,62.0,377.14285714285717
ID10910,62.0,471.23809523809524
ID11757,62.0,365.1904761904762
ID12576,63.0,588.1428571428571
ID13645,63.0,631.2380952380952
ID9819,63.0,358.0
ID14465,63.0,359.95238095238096
ID10912,63.0,439.6190476190476
ID11759,63.0,353.0
ID12578,64.0,580.7142857142857
ID13647,64.0,732.3809523809524
ID9822,64.0,371.1904761904762
ID14468,64.0,461.7142857142857
ID10914,64.0,424.3809523809524
ID11761,64.0,363.14285714285717
ID12580,65.0,565.8571428571429
ID13649,65.0,724.1428571428571
ID9825,65.0,370.76190476190476
ID14471,65.0,436.8095238095238
ID10916,65.0,445.3809523809524
ID11763,65.0,308.6190476190476
ID12582,66.0,578.4761904761905
ID13651,66.0,734.7619047619048
ID9828,66.0,351.14285714285717
ID14474,66.0,395.95238095238096
ID10918,66.0,443.14285714285717
ID11765,66.0,310.4761904761905
ID12584,67.0,579.8095238095239
ID13653,67.0,735.0
ID9831,67.0,359.3809523809524
ID14477,67.0,355.23809523809524
ID10920,67.0,439.4761904761905
ID11767,67.0,335.0
ID12586,68.0,577.4761904761905
ID13655,68.0,712.5238095238095
ID9834,68.0,403.0952380952381
ID14480,68.0,351.42857142857144
ID10922,68.0,509.7142857142857
ID11769,68.0,331.76190476190476
ID12588,69.0,585.2380952380952
ID13657,69.0,705.3809523809524
ID9837,69.0,382.95238095238096
ID14483,69.0,348.3333333333333
ID10924,69.0,495.8095238095238
ID11771,69.0,342.6666666666667
ID12590,70.0,512.2857142857143
ID13659,70.0,593.3333333333334
ID9840,70.0,351.5238095238095
ID14486,70.0,413.57142857142856
ID10926,70.0,420.14285714285717
ID11773,70.0,310.76190476190476
ID12592,71.0,543.8571428571429
ID13661,71.0,600.3333333333334
ID9843,71.0,349.1904761904762
ID14494,71.0,408.6666666666667
ID10928,71.0,427.14285714285717
ID11775,71.0,317.42857142857144
ID12595,72.0,545.1428571428571
ID13663,72.0,610.5238095238095
ID9846,72.0,373.95238095238096
ID14497,72.0,399.57142857142856
ID10930,72.0,421.9047619047619
ID11777,72.0,315.3333333333333
ID12598,73.0,552.4761904761905
ID13665,73.0,600.3809523809524
ID9849,73.0,344.4761904761905
ID14501,73.0,373.3809523809524
ID10932,73.0,421.14285714285717
ID11779,73.0,314.76190476190476
ID12600,74.0,567.4285714285714
ID13667,74.0,618.0
ID9852,74.0,346.76190476190476
ID14504,74.0,415.4761904761905
ID10934,74.0,419.14285714285717
ID11781,74.0,320.14285714285717
ID12602,75.0,550.0
ID13669,75.0,629.4285714285714
ID9855,75.0,337.42857142857144
ID14507,75.0,421.76190476190476
ID10936,75.0,412.95238095238096
ID11783,75.0,345.1904761904762
ID12604,76.0,551.8571428571429
ID13671,76.0,607.1904761904761
ID9858,76.0,345.8095238095238
ID14510,76.0,366.95238095238096
ID10938,76.0,425.23809523809524
ID11785,76.0,346.76190476190476
ID12606,77.0,553.6666666666666
ID13673,77.0,674.4285714285714
ID9861,77.0,356.6666666666667
ID14513,77.0,379.0952380952381
ID10940,77.0,431.8095238095238
ID11787,77.0,355.6666666666667
ID12608,78.0,569.8571428571429
ID13675,78.0,625.952380952381
ID9864,78.0,353.04761904761904
ID14516,78.0,340.7142857142857
ID10942,78.0,436.14285714285717
ID11789,78.0,351.8095238095238
ID12610,79.0,559.5238095238095
ID13677,79.0,764.5238095238095
ID9867,79.0,344.04761904761904
ID14519,79.0,419.76190476190476
ID10944,79.0,420.8095238095238
ID11791,79.0,362.85714285714283
ID12612,80.0,563.9047619047619
ID13679,80.0,685.9047619047619
ID9870,80.0,333.3809523809524
ID14522,80.0,402.04761904761904
ID10946,80.0,446.0952380952381
ID11793,80.0,356.76190476190476
ID12614,81.0,556.0
ID13681,81.0,669.0
ID9873,81.0,333.5238095238095
ID14525,81.0,353.04761904761904
ID10948,81.0,410.42857142857144
ID11795,81.0,363.23809523809524
ID12616,82.0,568.1904761904761
ID13683,82.0,698.3333333333334
ID9876,82.0,334.0
ID14528,82.0,341.85714285714283
ID10950,82.0,440.0952380952381
ID11797,82.0,347.5238095238095
ID12619,83.0,561.8095238095239
ID13685,83.0,696.7619047619048
ID9879,83.0,347.04761904761904
ID14531,83.0,381.5238095238095
ID10952,83.0,430.57142857142856
ID11799,83.0,351.2857142857143
ID12621,84.0,568.1904761904761
ID13687,84.0,680.6666666666666
ID9882,84.0,331.7142857142857
ID14535,84.0,339.7142857142857
ID10954,84.0,430.04761904761904
ID11801,84.0,351.04761904761904
ID12623,85.0,498.42857142857144
ID13689,85.0,567.9047619047619
ID9885,85.0,308.14285714285717
ID14538,85.0,430.95238095238096
ID10956,85.0,371.57142857142856
ID11803,85.0,339.1904761904762
ID12625,86.0,603.8571428571429
ID13691,86.0,707.047619047619
ID9888,86.0,358.42857142857144
ID14544,86.0,394.3333333333333
ID10958,86.0,449.2857142857143
ID11805,86.0,331.2857142857143
ID12628,87.0,542.5238095238095
ID13693,87.0,575.9047619047619
ID9891,87.0,333.42857142857144
ID14547,87.0,393.4761904761905
ID10960,87.0,396.42857142857144
ID11809,87.0,343.1904761904762
ID12630,88.0,536.5714285714286
ID13695,88.0,600.952380952381
ID9894,88.0,385.57142857142856
ID14550,88.0,398.8095238095238
ID10962,88.0,464.0
ID11813,88.0,321.57142857142856
ID12632,89.0,547.0
ID13697,89.0,645.7619047619048
ID9897,89.0,396.5238095238095
ID14553,89.0,411.8095238095238
ID10964,89.0,460.3333333333333
ID11815,89.0,319.3333333333333
ID12634,90.0,568.8571428571429
ID13699,90.0,673.3333333333334
ID9900,90.0,388.76190476190476
ID14557,90.0,409.3809523809524
ID10966,90.0,462.2857142857143
ID11817,90.0,353.6190476190476
ID12637,91.0,569.6666666666666
ID13701,91.0,717.8571428571429
ID9903,91.0,375.95238095238096
ID14560,91.0,398.7142857142857
ID10968,91.0,465.8095238095238
ID11819,91.0,345.14285714285717
ID12640,92.0,581.3809523809524
ID13703,92.0,698.4285714285714
ID9906,92.0,386.95238095238096
ID14566,92.0,403.3333333333333
ID10970,92.0,481.42857142857144
ID11821,92.0,363.04761904761904
ID12643,93.0,595.3333333333334
ID13705,93.0,732.047619047619
ID9909,93.0,376.14285714285717
ID14570,93.0,434.7142857142857
ID10972,93.0,484.57142857142856
ID11825,93.0,356.57142857142856
ID12646,94.0,586.0
ID13707,94.0,788.047619047619
ID9912,94.0,413.0952380952381
ID14572,94.0,436.6190476190476
ID10974,94.0,472.3809523809524
ID11827,94.0,372.4761904761905
ID12649,95.0,609.6190476190476
ID13709,95.0,752.1904761904761
ID9915,95.0,407.6190476190476
ID14574,95.0,446.42857142857144
ID10976,95.0,501.6666666666667
ID11829,95.0,375.5238095238095
ID12652,96.0,598.5238095238095
ID13711,96.0,772.4285714285714
ID9918,96.0,396.23809523809524
ID14576,96.0,441.42857142857144
ID10978,96.0,498.9047619047619
ID11831,96.0,379.9047619047619
ID12655,97.0,610.8095238095239
ID13713,97.0,753.6190476190476
ID9921,97.0,404.3809523809524
ID14578,97.0,494.0952380952381
ID10980,97.0,492.6666666666667
ID11833,97.0,372.3333333333333
ID12658,98.0,617.3809523809524
ID13715,98.0,772.8095238095239
ID9924,98.0,411.57142857142856
ID14585,98.0,498.7142857142857
ID10982,98.0,520.5238095238095
ID11835,98.0,370.6666666666667
ID12661,99.0,619.9047619047619
ID13717,99.0,771.8571428571429
ID9927,99.0,416.5238095238095
ID14591,99.0,501.14285714285717
ID10984,99.0,520.5714285714286
ID11837,99.0,384.8095238095238
ID12664,100.0,631.7142857142857
ID13719,100.0,799.4285714285714
ID9930,100.0,431.3809523809524
ID14594,100.0,500.4761904761905
ID10986,100.0,509.7142857142857
ID11839,100.0,369.3809523809524
ID12435,101.0,404.23809523809524
ID12667,101.0,620.1428571428571
ID13721,101.0,790.4285714285714
ID9933,101.0,410.42857142857144
ID14597,101.0,512.7142857142857
ID10988,101.0,515.6190476190476
ID12670,102.0,630.6666666666666
ID13723,102.0,801.952380952381
ID9936,102.0,426.85714285714283
ID14600,102.0,500.76190476190476
ID10990,102.0,524.2380952380952
ID11841,102.0,378.8095238095238
ID12673,103.0,637.5714285714286
ID13725,103.0,778.0
ID9939,103.0,410.1904761904762
ID14603,103.0,496.0952380952381
ID10992,103.0,524.5714285714286
ID11843,103.0,365.8095238095238
ID12676,104.0,630.8571428571429
ID13727,104.0,785.5714285714286
ID9942,104.0,402.57142857142856
ID14606,104.0,492.95238095238096
ID10994,104.0,533.4285714285714
ID11845,104.0,346.7142857142857
ID12679,105.0,646.2380952380952
ID13729,105.0,798.4285714285714
ID9945,105.0,437.85714285714283
ID14609,105.0,485.42857142857144
ID10996,105.0,512.8095238095239
ID11847,105.0,341.5238095238095
ID12682,106.0,617.4285714285714
ID13731,106.0,822.6666666666666
ID9948,106.0,417.3333333333333
ID14612,106.0,467.14285714285717
ID10998,106.0,506.42857142857144
ID11849,106.0,336.76190476190476
ID12685,107.0,634.6666666666666
ID13733,107.0,812.5714285714286
ID9951,107.0,422.6666666666667
ID14615,107.0,466.6190476190476
ID11000,107.0,504.6666666666667
ID11851,107.0,383.5238095238095
ID12688,108.0,640.9047619047619
ID13735,108.0,817.952380952381
ID9954,108.0,414.14285714285717
ID14618,108.0,480.4761904761905
ID11002,108.0,495.9047619047619
ID11853,108.0,382.95238095238096
ID12691,109.0,642.2380952380952
ID13737,109.0,758.7619047619048
ID9957,109.0,414.3333333333333
ID14621,109.0,458.5238095238095
ID11004,109.0,493.9047619047619
ID11855,109.0,387.42857142857144
ID12694,110.0,644.4761904761905
ID13739,110.0,764.7619047619048
ID9960,110.0,415.1904761904762
ID14624,110.0,532.5238095238095
ID11006,110.0,500.3333333333333
ID11857,110.0,379.42857142857144
ID12697,111.0,643.1428571428571
ID13741,111.0,760.8571428571429
ID9963,111.0,436.04761904761904
ID14627,111.0,482.23809523809524
ID11008,111.0,514.1904761904761
ID11859,111.0,363.5238095238095
ID12700,112.0,651.1428571428571
ID13743,112.0,784.4285714285714
ID9966,112.0,421.8095238095238
ID14630,112.0,464.3809523809524
ID11010,112.0,513.047619047619
ID11861,112.0,369.6190476190476
ID12703,113.0,637.9047619047619
ID13745,113.0,834.2380952380952
ID9969,113.0,427.6666666666667
ID14633,113.0,473.0952380952381
ID11012,113.0,486.0
ID11863,113.0,374.1904761904762
ID12706,114.0,648.4285714285714
ID13747,114.0,801.6190476190476
ID9972,114.0,433.6190476190476
ID14636,114.0,539.2380952380952
ID11014,114.0,514.8571428571429
ID11865,114.0,380.04761904761904
ID12709,115.0,647.6190476190476
ID13749,115.0,750.4285714285714
ID9975,115.0,407.14285714285717
ID14639,115.0,475.6666666666667
ID11016,115.0,525.6190476190476
ID11867,115.0,380.5238095238095
ID12712,116.0,637.4761904761905
ID13751,116.0,847.9047619047619
ID9978,116.0,409.6190476190476
ID14642,116.0,478.04761904761904
ID11018,116.0,526.2380952380952
ID11869,116.0,358.57142857142856
ID12715,117.0,649.8095238095239
ID13753,117.0,838.5238095238095
ID9981,117.0,408.76190476190476
ID14645,117.0,464.23809523809524
ID11020,117.0,515.5238095238095
ID11871,117.0,366.57142857142856
ID12718,118.0,650.5714285714286
ID13755,118.0,747.1428571428571
ID9984,118.0,442.6666666666667
ID14648,118.0,470.0
ID11022,118.0,517.8571428571429
ID11873,118.0,354.0952380952381
ID12721,119.0,638.4285714285714
ID13757,119.0,769.4761904761905
ID9987,119.0,404.3809523809524
ID14651,119.0,464.85714285714283
ID11024,119.0,520.2857142857143
ID11875,119.0,367.4761904761905
ID12431,120.0,368.0
ID12724,120.0,646.5714285714286
ID13759,120.0,772.6190476190476
ID9990,120.0,408.6190476190476
ID14654,120.0,533.7619047619048
ID11026,120.0,516.5714285714286
ID12727,121.0,637.5714285714286
ID13761,121.0,782.5714285714286
ID9993,121.0,422.85714285714283
ID14657,121.0,479.0952380952381
ID11028,121.0,507.0
ID11877,121.0,358.3333333333333
ID12730,122.0,648.4761904761905
ID13763,122.0,762.5714285714286
ID9996,122.0,425.04761904761904
ID14660,122.0,522.0952380952381
ID11030,122.0,509.42857142857144
ID11879,122.0,368.2857142857143
ID12733,123.0,641.8571428571429
ID13765,123.0,791.047619047619
ID9999,123.0,441.8095238095238
ID14663,123.0,461.0952380952381
ID11032,123.0,503.04761904761904
ID11881,123.0,358.1904761904762
ID12736,124.0,614.0
ID13767,124.0,771.8095238095239
ID10002,124.0,405.42857142857144
ID14666,124.0,524.4761904761905
ID11034,124.0,523.4761904761905
ID11883,124.0,356.6666666666667
ID12739,125.0,630.1428571428571
ID13769,125.0,780.952380952381
ID10005,125.0,402.76190476190476
ID14669,125.0,518.6666666666666
ID11036,125.0,508.14285714285717
ID11885,125.0,354.0
ID12742,126.0,621.6190476190476
ID13771,126.0,792.0
ID10008,126.0,407.2857142857143
ID14672,126.0,458.95238095238096
ID11038,126.0,513.3809523809524
ID11887,126.0,354.0952380952381
ID12745,127.0,621.9047619047619
ID13773,127.0,784.8571428571429
ID10011,127.0,418.04761904761904
ID14675,127.0,519.1428571428571
ID11040,127.0,513.0
ID11889,127.0,365.9047619047619
ID12748,128.0,647.0952380952381
ID13775,128.0,785.6190476190476
ID10014,128.0,420.57142857142856
ID14678,128.0,523.2380952380952
ID11042,128.0,514.2380952380952
ID11891,128.0,361.95238095238096
ID12751,129.0,641.952380952381
ID13777,129.0,765.8571428571429
ID10017,129.0,423.8095238095238
ID14681,129.0,521.1428571428571
ID11044,129.0,516.1904761904761
ID11893,129.0,361.85714285714283
ID12754,130.0,638.7142857142857
ID13779,130.0,796.4761904761905
ID10020,130.0,429.7142857142857
ID14684,130.0,453.6666666666667
ID11046,130.0,528.0952380952381
ID11895,130.0,367.9047619047619
ID12757,131.0,640.7619047619048
ID13781,131.0,777.0952380952381
ID10023,131.0,436.6666666666667
ID14687,131.0,452.4761904761905
ID11048,131.0,519.2380952380952
ID11897,131.0,366.04761904761904
ID12760,132.0,634.7619047619048
ID13783,132.0,788.3809523809524
ID10026,132.0,420.04761904761904
ID14690,132.0,461.6666666666667
ID11050,132.0,517.6666666666666
ID11899,132.0,374.0
ID12763,133.0,633.4761904761905
ID13785,133.0,798.5714285714286
ID10029,133.0,418.04761904761904
ID14693,133.0,451.3809523809524
ID11052,133.0,517.0952380952381
ID11901,133.0,399.57142857142856
ID12766,134.0,632.7142857142857
ID13787,134.0,766.1428571428571
ID10032,134.0,435.04761904761904
ID14696,134.0,518.4285714285714
ID11054,134.0,516.3809523809524
ID11903,134.0,411.42857142857144
ID12769,135.0,638.4285714285714
ID13789,135.0,786.1428571428571
ID10035,135.0,427.14285714285717
ID14699,135.0,475.7142857142857
ID11056,135.0,522.0952380952381
ID11905,135.0,415.4761904761905
ID12772,136.0,648.6666666666666
ID13791,136.0,779.0952380952381
ID10038,136.0,437.6666666666667
ID14702,136.0,469.2857142857143
ID11058,136.0,511.4761904761905
ID11907,136.0,408.95238095238096
ID12775,137.0,631.2857142857143
ID13793,137.0,778.6190476190476
ID10041,137.0,427.42857142857144
ID14705,137.0,458.6190476190476
ID11060,137.0,529.952380952381
ID11909,137.0,409.95238095238096
ID12778,138.0,632.952380952381
ID13795,138.0,818.8571428571429
ID10044,138.0,424.2857142857143
ID14708,138.0,537.8095238095239
ID11062,138.0,506.1904761904762
ID11911,138.0,415.42857142857144
ID12781,139.0,641.952380952381
ID13797,139.0,788.8571428571429
ID10047,139.0,436.4761904761905
ID14711,139.0,513.7619047619048
ID11064,139.0,514.5714285714286
ID11913,139.0,430.7142857142857
ID12784,140.0,655.047619047619
ID13799,140.0,785.8095238095239
ID10050,140.0,411.8095238095238
ID14714,140.0,514.0952380952381
ID11066,140.0,509.4761904761905
ID11915,140.0,414.14285714285717
ID12787,141.0,648.9047619047619
ID13801,141.0,789.952380952381
ID10053,141.0,436.04761904761904
ID14717,141.0,513.4285714285714
ID11068,141.0,504.76190476190476
ID11917,141.0,363.57142857142856
ID12790,142.0,644.8095238095239
ID13803,142.0,841.8095238095239
ID10056,142.0,425.7142857142857
ID14720,142.0,515.5714285714286
ID11070,142.0,509.42857142857144
ID11919,142.0,363.4761904761905
ID12793,143.0,664.4761904761905
ID13805,143.0,833.7619047619048
ID10059,143.0,436.95238095238096
ID14723,143.0,448.95238095238096
ID11072,143.0,522.047619047619
ID11921,143.0,387.76190476190476
ID12796,144.0,652.8571428571429
ID13807,144.0,841.0952380952381
ID10062,144.0,453.14285714285717
ID14726,144.0,501.14285714285717
ID11074,144.0,515.9047619047619
ID11923,144.0,395.3333333333333
ID12443,145.0,421.1904761904762
ID12799,145.0,650.3333333333334
ID13809,145.0,836.0952380952381
ID10065,145.0,443.4761904761905
ID14729,145.0,506.04761904761904
ID11076,145.0,507.8095238095238
ID12802,146.0,652.3809523809524
ID13811,146.0,833.7619047619048
ID10068,146.0,447.04761904761904
ID14732,146.0,443.4761904761905
ID11078,146.0,508.42857142857144
ID11925,146.0,389.2857142857143
ID12805,147.0,646.047619047619
ID13813,147.0,834.5714285714286
ID10071,147.0,399.2857142857143
ID14735,147.0,510.3809523809524
ID11080,147.0,506.4761904761905
ID11927,147.0,401.3333333333333
ID12808,148.0,655.047619047619
ID13815,148.0,840.4285714285714
ID10074,148.0,414.3333333333333
ID14738,148.0,508.85714285714283
ID11082,148.0,528.8571428571429
ID11929,148.0,397.7142857142857
ID12811,149.0,661.5238095238095
ID13817,149.0,834.4761904761905
ID10077,149.0,445.23809523809524
ID14741,149.0,463.0
ID11084,149.0,543.4761904761905
ID11931,149.0,414.6666666666667
ID12814,150.0,659.0952380952381
ID13819,150.0,835.0
ID10080,150.0,430.3809523809524
ID14744,150.0,523.2380952380952
ID11086,150.0,546.0
ID11933,150.0,406.2857142857143
ID12817,151.0,637.2857142857143
ID13821,151.0,849.0952380952381
ID10083,151.0,426.9047619047619
ID14747,151.0,476.23809523809524
ID11088,151.0,547.5714285714286
ID11935,151.0,404.04761904761904
ID12820,152.0,638.2857142857143
ID13823,152.0,821.3809523809524
ID10086,152.0,419.04761904761904
ID14750,152.0,539.3333333333334
ID11090,152.0,547.2380952380952
ID11937,152.0,418.3809523809524
ID12823,153.0,671.3809523809524
ID13825,153.0,850.7619047619048
ID10089,153.0,439.0952380952381
ID14753,153.0,528.4285714285714
ID11092,153.0,552.5238095238095
ID11939,153.0,415.8095238095238
ID12826,154.0,668.5714285714286
ID13827,154.0,825.952380952381
ID10092,154.0,446.4761904761905
ID14756,154.0,474.0
ID11094,154.0,552.3809523809524
ID11941,154.0,419.0
ID12829,155.0,597.047619047619
ID13829,155.0,717.8571428571429
ID10095,155.0,397.4761904761905
ID14759,155.0,487.76190476190476
ID11096,155.0,461.8095238095238
ID11943,155.0,398.85714285714283
ID12832,156.0,607.1904761904761
ID13831,156.0,731.0952380952381
ID10098,156.0,409.23809523809524
ID14763,156.0,499.85714285714283
ID11098,156.0,487.42857142857144
ID11945,156.0,377.4761904761905
ID12835,157.0,627.4285714285714
ID13833,157.0,750.4761904761905
ID10101,157.0,401.6190476190476
ID14766,157.0,503.85714285714283
ID11100,157.0,483.6666666666667
ID11947,157.0,385.0
ID12838,158.0,619.7619047619048
ID13835,158.0,794.5714285714286
ID10104,158.0,421.9047619047619
ID14769,158.0,500.23809523809524
ID11102,158.0,488.9047619047619
ID11949,158.0,395.04761904761904
ID12841,159.0,622.0952380952381
ID13837,159.0,777.2380952380952
ID10107,159.0,421.8095238095238
ID14772,159.0,522.952380952381
ID11104,159.0,498.7142857142857
ID11951,159.0,390.14285714285717
ID12844,160.0,642.3809523809524
ID13839,160.0,769.9047619047619
ID10110,160.0,417.42857142857144
ID14775,160.0,524.4285714285714
ID11106,160.0,493.9047619047619
ID11953,160.0,386.57142857142856
ID12847,161.0,643.7142857142857
ID13841,161.0,779.8095238095239
ID10113,161.0,403.2857142857143
ID14778,161.0,527.4761904761905
ID11108,161.0,486.8095238095238
ID11955,161.0,399.8095238095238
ID12850,162.0,657.3333333333334
ID13843,162.0,780.7619047619048
ID10116,162.0,427.7142857142857
ID14781,162.0,532.0952380952381
ID11110,162.0,501.42857142857144
ID11957,162.0,390.5238095238095
ID12853,163.0,659.1904761904761
ID13845,163.0,771.952380952381
ID10119,163.0,435.6190476190476
ID14784,163.0,529.4285714285714
ID11112,163.0,525.0
ID11959,163.0,392.2857142857143
ID12856,164.0,660.2380952380952
ID13847,164.0,778.2380952380952
ID10122,164.0,425.85714285714283
ID14787,164.0,470.04761904761904
ID11114,164.0,516.8571428571429
ID11961,164.0,392.6190476190476
ID12859,165.0,636.1428571428571
ID13849,165.0,777.0
ID10125,165.0,431.8095238095238
ID14790,165.0,463.76190476190476
ID11116,165.0,514.047619047619
ID11963,165.0,407.9047619047619
ID12862,166.0,637.047619047619
ID13851,166.0,770.9047619047619
ID10128,166.0,403.23809523809524
ID14793,166.0,469.42857142857144
ID11118,166.0,510.0952380952381
ID11965,166.0,414.6666666666667
ID12865,167.0,633.8095238095239
ID13853,167.0,762.2380952380952
ID10131,167.0,410.2857142857143
ID14796,167.0,462.1904761904762
ID11120,167.0,522.047619047619
ID11967,167.0,402.3809523809524
ID12868,168.0,638.1904761904761
ID13855,168.0,773.5238095238095
ID10134,168.0,428.14285714285717
ID14799,168.0,472.8095238095238
ID11122,168.0,529.0952380952381
ID11969,168.0,392.5238095238095
ID12871,169.0,636.0
ID13857,169.0,826.047619047619
ID10137,169.0,429.1904761904762
ID14802,169.0,499.76190476190476
ID11124,169.0,510.42857142857144
ID11971,169.0,397.9047619047619
ID12874,170.0,660.3333333333334
ID13859,170.0,798.7619047619048
ID10140,170.0,427.0952380952381
ID14805,170.0,485.0952380952381
ID11126,170.0,513.7142857142857
ID11973,170.0,403.7142857142857
ID12877,171.0,636.047619047619
ID13861,171.0,769.6666666666666
ID10143,171.0,452.4761904761905
ID14808,171.0,472.42857142857144
ID11128,171.0,526.5238095238095
ID11975,171.0,413.23809523809524
ID12880,172.0,665.4285714285714
ID13863,172.0,774.6190476190476
ID10146,172.0,417.95238095238096
ID14811,172.0,456.23809523809524
ID11130,172.0,520.6666666666666
ID11977,172.0,388.5238095238095
ID12883,173.0,642.7142857142857
ID13865,173.0,787.0952380952381
ID10149,173.0,416.6190476190476
ID14814,173.0,476.57142857142856
ID11132,173.0,504.95238095238096
ID11981,173.0,405.42857142857144
ID12886,174.0,640.9047619047619
ID13867,174.0,775.3809523809524
ID10152,174.0,418.3333333333333
ID14817,174.0,461.0
ID11134,174.0,493.3333333333333
ID11984,174.0,383.95238095238096
ID12889,175.0,639.8095238095239
ID13869,175.0,769.6190476190476
ID10155,175.0,434.57142857142856
ID14820,175.0,450.8095238095238
ID11136,175.0,473.04761904761904
ID11988,175.0,390.14285714285717
ID12892,176.0,607.047619047619
ID13871,176.0,779.4285714285714
ID10158,176.0,428.2857142857143
ID14823,176.0,455.1904761904762
ID11138,176.0,491.4761904761905
ID11990,176.0,378.76190476190476
ID12895,177.0,619.5238095238095
ID13873,177.0,772.4761904761905
ID10161,177.0,414.6666666666667
ID14826,177.0,510.04761904761904
ID11140,177.0,497.57142857142856
ID11992,177.0,385.0952380952381
ID12898,178.0,606.2857142857143
ID13875,178.0,764.6190476190476
ID10164,178.0,409.3809523809524
ID14829,178.0,490.95238095238096
ID11142,178.0,475.3809523809524
ID11994,178.0,370.0
ID12901,179.0,605.047619047619
ID13877,179.0,786.3333333333334
ID10167,179.0,407.5238095238095
ID14832,179.0,487.95238095238096
ID11144,179.0,481.04761904761904
ID11996,179.0,372.0952380952381
ID12904,180.0,591.5238095238095
ID13879,180.0,771.4761904761905
ID10170,180.0,410.9047619047619
ID14835,180.0,488.7142857142857
ID11146,180.0,486.3809523809524
ID11998,180.0,377.6190476190476
ID12907,181.0,597.2857142857143
ID13881,181.0,721.7619047619048
ID10173,181.0,394.6190476190476
ID14838,181.0,489.6666666666667
ID11148,181.0,475.0952380952381
ID12000,181.0,373.76190476190476
ID12910,182.0,598.2857142857143
ID13883,182.0,734.0952380952381
ID10176,182.0,399.3809523809524
ID14841,182.0,482.3333333333333
ID11150,182.0,478.6666666666667
ID12002,182.0,326.0952380952381
ID12913,183.0,599.0952380952381
ID13885,183.0,713.1904761904761
ID10179,183.0,386.7142857142857
ID14844,183.0,483.8095238095238
ID11152,183.0,468.76190476190476
ID12004,183.0,340.0
ID12916,184.0,672.4761904761905
ID13887,184.0,841.7142857142857
ID10182,184.0,427.8095238095238
ID14847,184.0,460.23809523809524
ID11155,184.0,533.4285714285714
ID12006,184.0,353.8095238095238
ID12919,185.0,666.0
ID13889,185.0,817.0952380952381
ID10185,185.0,455.3809523809524
ID14850,185.0,519.5714285714286
ID11157,185.0,541.4285714285714
ID12008,185.0,410.57142857142856
ID12922,186.0,655.1428571428571
ID13891,186.0,823.5714285714286
ID10188,186.0,442.1904761904762
ID14853,186.0,529.5238095238095
ID11159,186.0,546.5238095238095
ID12010,186.0,411.6190476190476
ID12925,187.0,658.7619047619048
ID13893,187.0,806.3809523809524
ID10191,187.0,436.7142857142857
ID14856,187.0,461.0952380952381
ID11161,187.0,552.9047619047619
ID12012,187.0,420.95238095238096
ID12928,188.0,649.5714285714286
ID13895,188.0,813.2857142857143
ID10194,188.0,434.3809523809524
ID14859,188.0,454.9047619047619
ID11163,188.0,535.4285714285714
ID12014,188.0,422.85714285714283
ID12931,189.0,643.3333333333334
ID13897,189.0,804.047619047619
ID10197,189.0,437.4761904761905
ID14862,189.0,529.8095238095239
ID11165,189.0,550.047619047619
ID12016,189.0,425.0952380952381
ID12934,190.0,661.3333333333334
ID13899,190.0,798.6190476190476
ID10200,190.0,451.85714285714283
ID14865,190.0,453.14285714285717
ID11167,190.0,540.8095238095239
ID12018,190.0,413.4761904761905
ID12937,191.0,659.0
ID13901,191.0,818.0952380952381
ID10203,191.0,451.0952380952381
ID14868,191.0,459.85714285714283
ID11169,191.0,541.2380952380952
ID12020,191.0,420.85714285714283
ID12940,192.0,660.5238095238095
ID13903,192.0,785.1428571428571
ID10206,192.0,437.42857142857144
ID14871,192.0,477.57142857142856
ID11171,192.0,542.0952380952381
ID12022,192.0,427.4761904761905
ID12943,193.0,663.047619047619
ID13905,193.0,802.2380952380952
ID10209,193.0,447.14285714285717
ID14874,193.0,472.57142857142856
ID11173,193.0,546.8571428571429
ID12024,193.0,378.0952380952381
ID12946,194.0,661.5238095238095
ID13907,194.0,794.6190476190476
ID10212,194.0,446.1904761904762
ID14877,194.0,537.952380952381
ID11175,194.0,533.3809523809524
ID12026,194.0,383.95238095238096
ID12949,195.0,655.047619047619
ID13909,195.0,807.4761904761905
ID10215,195.0,432.1904761904762
ID14880,195.0,473.04761904761904
ID11177,195.0,525.7142857142857
ID12028,195.0,355.4761904761905
ID12952,196.0,646.0
ID13911,196.0,801.047619047619
ID10218,196.0,427.9047619047619
ID14883,196.0,506.3809523809524
ID11179,196.0,522.0952380952381
ID12030,196.0,348.3809523809524
ID12955,197.0,654.0952380952381
ID13913,197.0,799.5714285714286
ID10221,197.0,447.6190476190476
ID14886,197.0,497.76190476190476
ID11181,197.0,517.047619047619
ID12032,197.0,346.95238095238096
ID12958,198.0,650.2380952380952
ID13915,198.0,805.9047619047619
ID10224,198.0,436.1904761904762
ID14889,198.0,477.76190476190476
ID11183,198.0,502.3809523809524
ID12034,198.0,338.2857142857143
ID12961,199.0,641.3809523809524
ID13917,199.0,821.047619047619
ID10227,199.0,435.5238095238095
ID14892,199.0,493.8095238095238
ID11185,199.0,512.9047619047619
ID12036,199.0,347.9047619047619
ID12964,200.0,629.047619047619
ID13919,200.0,814.5238095238095
ID10230,200.0,425.4761904761905
ID14895,200.0,492.76190476190476
ID11187,200.0,505.95238095238096
ID12038,200.0,342.14285714285717
ID12967,201.0,640.4761904761905
ID13921,201.0,807.3333333333334
ID10233,201.0,427.7142857142857
ID14898,201.0,479.3333333333333
ID11189,201.0,500.85714285714283
ID12040,201.0,339.0952380952381
ID12970,202.0,639.0
ID13923,202.0,821.2857142857143
ID10236,202.0,437.1904761904762
ID14901,202.0,477.23809523809524
ID11191,202.0,510.4761904761905
ID12042,202.0,398.3809523809524
ID12973,203.0,639.9047619047619
ID13925,203.0,810.6190476190476
ID10239,203.0,426.42857142857144
ID14904,203.0,462.95238095238096
ID11193,203.0,515.5238095238095
ID12044,203.0,401.2857142857143
ID12976,204.0,637.2380952380952
ID13927,204.0,797.6190476190476
ID10242,204.0,427.23809523809524
ID14907,204.0,466.95238095238096
ID11195,204.0,503.0
ID12046,204.0,405.2857142857143
ID12979,205.0,646.5238095238095
ID13929,205.0,816.047619047619
ID10245,205.0,430.4761904761905
ID14910,205.0,480.0
ID11197,205.0,515.2380952380952
ID12048,205.0,395.85714285714283
ID12982,206.0,636.952380952381
ID13931,206.0,819.5238095238095
ID10248,206.0,430.0952380952381
ID14913,206.0,480.57142857142856
ID11199,206.0,500.57142857142856
ID12050,206.0,408.0
ID12985,207.0,628.9047619047619
ID13933,207.0,812.7142857142857
ID10251,207.0,431.4761904761905
ID14916,207.0,472.0952380952381
ID11201,207.0,498.95238095238096
ID12052,207.0,398.6666666666667
ID12988,208.0,643.0
ID13935,208.0,805.3809523809524
ID10254,208.0,418.5238095238095
ID14919,208.0,465.0
ID11203,208.0,509.9047619047619
ID12054,208.0,408.57142857142856
ID12991,209.0,633.1904761904761
ID13937,209.0,803.3333333333334
ID10257,209.0,423.85714285714283
ID14922,209.0,474.9047619047619
ID11205,209.0,508.8095238095238
ID12056,209.0,417.85714285714283
ID12994,210.0,614.952380952381
ID13939,210.0,801.4285714285714
ID10260,210.0,431.4761904761905
ID14925,210.0,494.8095238095238
ID11207,210.0,496.42857142857144
ID12058,210.0,407.0952380952381
ID12997,211.0,649.0952380952381
ID13941,211.0,813.6666666666666
ID10263,211.0,431.85714285714283
ID14928,211.0,479.57142857142856
ID11209,211.0,515.2380952380952
ID12060,211.0,416.6190476190476
ID13000,212.0,651.047619047619
ID13943,212.0,817.047619047619
ID10266,212.0,420.5238095238095
ID14931,212.0,480.57142857142856
ID11211,212.0,508.14285714285717
ID12062,212.0,415.85714285714283
ID13003,213.0,646.952380952381
ID13945,213.0,817.9047619047619
ID10269,213.0,432.6190476190476
ID14934,213.0,472.14285714285717
ID11213,213.0,516.0952380952381
ID12064,213.0,415.4761904761905
ID13006,214.0,643.5238095238095
ID13947,214.0,814.8095238095239
ID10272,214.0,437.23809523809524
ID14937,214.0,469.5238095238095
ID11215,214.0,513.1428571428571
ID12066,214.0,416.8095238095238
ID13009,215.0,626.1428571428571
ID13949,215.0,787.6666666666666
ID10275,215.0,424.23809523809524
ID14940,215.0,480.4761904761905
ID11217,215.0,500.42857142857144
ID12068,215.0,410.57142857142856
ID13012,216.0,631.2857142857143
ID13951,216.0,800.3809523809524
ID10278,216.0,420.95238095238096
ID14943,216.0,495.85714285714283
ID11219,216.0,519.1428571428571
ID12072,216.0,415.85714285714283
ID13015,217.0,633.7142857142857
ID13953,217.0,797.3333333333334
ID10281,217.0,427.7142857142857
ID14946,217.0,475.4761904761905
ID11221,217.0,499.7142857142857
ID12070,217.0,411.3809523809524
ID13018,218.0,641.5714285714286
ID13955,218.0,809.2380952380952
ID10284,218.0,413.8095238095238
ID14949,218.0,479.0
ID11223,218.0,513.047619047619
ID12074,218.0,423.1904761904762
ID13021,219.0,644.3333333333334
ID13957,219.0,814.4285714285714
ID10287,219.0,424.6666666666667
ID14952,219.0,475.0952380952381
ID11225,219.0,504.42857142857144
ID12076,219.0,425.23809523809524
ID13024,220.0,616.7142857142857
ID13959,220.0,739.3809523809524
ID10290,220.0,432.6666666666667
ID14955,220.0,461.2857142857143
ID11227,220.0,500.3809523809524
ID12078,220.0,423.14285714285717
ID13027,221.0,643.1904761904761
ID13961,221.0,747.2380952380952
ID10293,221.0,414.0952380952381
ID14958,221.0,468.0952380952381
ID11229,221.0,500.57142857142856
ID12080,221.0,408.57142857142856
ID13030,222.0,628.7142857142857
ID13963,222.0,744.047619047619
ID10296,222.0,420.1904761904762
ID14961,222.0,455.6666666666667
ID11231,222.0,493.14285714285717
ID12082,222.0,411.0952380952381
ID13033,223.0,650.3809523809524
ID13965,223.0,733.0952380952381
ID10299,223.0,417.7142857142857
ID14964,223.0,454.6666666666667
ID11233,223.0,509.9047619047619
ID12084,223.0,413.76190476190476
ID13036,224.0,648.0
ID13967,224.0,741.9047619047619
ID10302,224.0,418.3333333333333
ID14967,224.0,463.23809523809524
ID11235,224.0,491.0
ID12086,224.0,418.14285714285717
ID13039,225.0,644.4761904761905
ID13969,225.0,749.8095238095239
ID10305,225.0,419.8095238095238
ID14970,225.0,498.95238095238096
ID11237,225.0,499.6190476190476
ID12088,225.0,422.5238095238095
ID13042,226.0,623.8571428571429
ID13971,226.0,747.1428571428571
ID10308,226.0,430.4761904761905
ID14973,226.0,472.9047619047619
ID11239,226.0,497.8095238095238
ID12090,226.0,417.76190476190476
ID13045,227.0,643.952380952381
ID13973,227.0,762.5714285714286
ID10311,227.0,419.1904761904762
ID14976,227.0,511.42857142857144
ID11241,227.0,493.3809523809524
ID12092,227.0,419.57142857142856
ID13048,228.0,627.3333333333334
ID13975,228.0,742.9047619047619
ID10314,228.0,417.6190476190476
ID14980,228.0,468.14285714285717
ID11243,228.0,497.3809523809524
ID12094,228.0,420.5238095238095
ID13051,229.0,637.0
ID13977,229.0,730.2380952380952
ID10317,229.0,416.76190476190476
ID14983,229.0,463.3809523809524
ID11245,229.0,502.8095238095238
ID12096,229.0,427.76190476190476
ID13054,230.0,631.8095238095239
ID13979,230.0,713.9047619047619
ID10320,230.0,431.95238095238096
ID14986,230.0,447.04761904761904
ID11247,230.0,493.0952380952381
ID12102,230.0,412.57142857142856
ID13057,231.0,632.6666666666666
ID13981,231.0,778.5238095238095
ID10323,231.0,423.5238095238095
ID14989,231.0,456.42857142857144
ID11249,231.0,501.0952380952381
ID12100,231.0,410.9047619047619
ID13060,232.0,617.4285714285714
ID13983,232.0,829.0
ID10326,232.0,435.04761904761904
ID14992,232.0,466.23809523809524
ID11251,232.0,495.8095238095238
ID12104,232.0,369.6190476190476
ID13063,233.0,621.8095238095239
ID13985,233.0,825.0
ID10329,233.0,417.23809523809524
ID14995,233.0,485.6666666666667
ID11253,233.0,509.04761904761904
ID12106,233.0,358.0952380952381
ID13066,234.0,633.047619047619
ID13987,234.0,812.5714285714286
ID10332,234.0,419.6666666666667
ID14998,234.0,472.76190476190476
ID11255,234.0,511.04761904761904
ID12108,234.0,354.4761904761905
ID13069,235.0,618.8571428571429
ID13989,235.0,807.2380952380952
ID10335,235.0,412.04761904761904
ID15001,235.0,465.85714285714283
ID11257,235.0,516.0
ID12110,235.0,361.9047619047619
ID13072,236.0,617.952380952381
ID13991,236.0,804.2857142857143
ID10338,236.0,421.04761904761904
ID15004,236.0,472.4761904761905
ID11259,236.0,513.9047619047619
ID12112,236.0,364.3809523809524
ID13075,237.0,610.9047619047619
ID13993,237.0,828.5238095238095
ID10341,237.0,422.85714285714283
ID15007,237.0,474.4761904761905
ID11261,237.0,505.3333333333333
ID12114,237.0,369.42857142857144
ID13078,238.0,640.8095238095239
ID13995,238.0,805.3333333333334
ID10344,238.0,418.95238095238096
ID15010,238.0,484.1904761904762
ID11263,238.0,504.95238095238096
ID12116,238.0,364.85714285714283
ID13081,239.0,650.6190476190476
ID13997,239.0,825.5714285714286
ID10347,239.0,414.6666666666667
ID15013,239.0,414.7142857142857
ID11265,239.0,499.0952380952381
ID12118,239.0,364.57142857142856
ID13084,240.0,652.7619047619048
ID13999,240.0,800.2380952380952
ID10350,240.0,430.3333333333333
ID15016,240.0,486.0
ID11267,240.0,501.0
ID12120,240.0,358.3333333333333
ID13087,241.0,650.3333333333334
ID14001,241.0,813.1428571428571
ID10353,241.0,432.57142857142856
ID15019,241.0,477.6190476190476
ID11269,241.0,487.9047619047619
ID12122,241.0,354.14285714285717
ID13090,242.0,651.3333333333334
ID14003,242.0,798.2857142857143
ID10356,242.0,422.4761904761905
ID15022,242.0,507.57142857142856
ID11271,242.0,495.6666666666667
ID12124,242.0,370.04761904761904
ID13093,243.0,662.2857142857143
ID14005,243.0,825.7142857142857
ID10359,243.0,418.57142857142856
ID15025,243.0,525.4285714285714
ID11273,243.0,499.9047619047619
ID12126,243.0,355.14285714285717
ID13096,244.0,657.8571428571429
ID14007,244.0,785.2857142857143
ID10362,244.0,427.76190476190476
ID15028,244.0,503.14285714285717
ID11275,244.0,501.04761904761904
ID12128,244.0,427.0
ID13099,245.0,647.8095238095239
ID14009,245.0,793.3333333333334
ID10365,245.0,435.9047619047619
ID15031,245.0,515.6666666666666
ID11277,245.0,498.8095238095238
ID12130,245.0,427.7142857142857
ID13102,246.0,657.0952380952381
ID14011,246.0,785.6666666666666
ID10368,246.0,437.2857142857143
ID15034,246.0,524.4761904761905
ID11279,246.0,510.6666666666667
ID12132,246.0,423.6190476190476
ID13105,247.0,644.047619047619
ID14013,247.0,790.8571428571429
ID10371,247.0,448.5238095238095
ID15037,247.0,516.4285714285714
ID11281,247.0,507.95238095238096
ID12134,247.0,419.04761904761904
ID13108,248.0,648.4285714285714
ID14015,248.0,790.6190476190476
ID10374,248.0,412.57142857142856
ID15040,248.0,460.4761904761905
ID11283,248.0,510.2857142857143
ID12136,248.0,420.0952380952381
ID13111,249.0,647.1904761904761
ID14017,249.0,779.8571428571429
ID10377,249.0,451.42857142857144
ID15043,249.0,516.3333333333334
ID11285,249.0,511.5238095238095
ID12138,249.0,415.42857142857144
ID13114,250.0,647.4761904761905
ID14019,250.0,786.047619047619
ID10380,250.0,444.76190476190476
ID15046,250.0,520.9047619047619
ID11287,250.0,507.0
ID12140,250.0,421.0
ID13117,251.0,668.4761904761905
ID14021,251.0,777.2380952380952
ID10383,251.0,410.57142857142856
ID15049,251.0,460.85714285714283
ID11289,251.0,503.2857142857143
ID12145,251.0,396.95238095238096
ID13120,252.0,653.4285714285714
ID14023,252.0,783.2380952380952
ID10386,252.0,445.8095238095238
ID15052,252.0,455.7142857142857
ID11291,252.0,503.6190476190476
ID12147,252.0,396.3333333333333
ID13123,253.0,664.0
ID14025,253.0,788.8095238095239
ID10389,253.0,419.3333333333333
ID15055,253.0,512.1904761904761
ID11293,253.0,501.6190476190476
ID12149,253.0,410.3333333333333
ID13126,254.0,640.7619047619048
ID14027,254.0,786.0952380952381
ID10392,254.0,422.2857142857143
ID15058,254.0,439.7142857142857
ID11295,254.0,501.42857142857144
ID12151,254.0,407.04761904761904
ID13129,255.0,653.0952380952381
ID14029,255.0,781.2380952380952
ID10395,255.0,437.5238095238095
ID15061,255.0,450.85714285714283
ID11297,255.0,515.3809523809524
ID12153,255.0,394.3333333333333
ID13132,256.0,642.1904761904761
ID14031,256.0,789.7619047619048
ID10398,256.0,444.3809523809524
ID15064,256.0,448.3333333333333
ID11299,256.0,499.6190476190476
ID12155,256.0,396.85714285714283
ID13135,257.0,645.047619047619
ID14033,257.0,790.6190476190476
ID10401,257.0,449.7142857142857
ID15067,257.0,443.7142857142857
ID11301,257.0,502.04761904761904
ID12157,257.0,410.6190476190476
ID13138,258.0,645.1428571428571
ID14035,258.0,781.3333333333334
ID10404,258.0,449.3333333333333
ID15070,258.0,438.6190476190476
ID11303,258.0,502.1904761904762
ID12159,258.0,394.42857142857144
ID13141,259.0,645.7142857142857
ID14037,259.0,772.6666666666666
ID10407,259.0,449.23809523809524
ID15073,259.0,450.0
ID11305,259.0,508.1904761904762
ID12161,259.0,406.2857142857143
ID13144,260.0,647.0
ID14039,260.0,776.8095238095239
ID10410,260.0,418.42857142857144
ID15076,260.0,439.3333333333333
ID11307,260.0,498.0952380952381
ID12163,260.0,408.7142857142857
ID13147,261.0,634.9047619047619
ID14041,261.0,779.6190476190476
ID10413,261.0,414.6190476190476
ID15079,261.0,452.6190476190476
ID11309,261.0,498.7142857142857
ID12165,261.0,398.76190476190476
ID13150,262.0,630.3809523809524
ID14043,262.0,765.0952380952381
ID10416,262.0,455.6666666666667
ID15082,262.0,436.14285714285717
ID11311,262.0,506.0
ID12167,262.0,397.4761904761905
ID13153,263.0,646.1904761904761
ID14045,263.0,775.2857142857143
ID10419,263.0,444.5238095238095
ID15085,263.0,505.23809523809524
ID11313,263.0,499.3333333333333
ID12169,263.0,406.04761904761904
ID13156,264.0,642.8571428571429
ID14047,264.0,793.7142857142857
ID10422,264.0,433.57142857142856
ID15088,264.0,498.3809523809524
ID11315,264.0,502.1904761904762
ID12171,264.0,406.85714285714283
ID13159,265.0,646.1904761904761
ID14049,265.0,814.4285714285714
ID10425,265.0,434.6190476190476
ID15091,265.0,480.5238095238095
ID11317,265.0,511.42857142857144
ID12173,265.0,419.3333333333333
ID13162,266.0,643.5238095238095
ID14051,266.0,802.952380952381
ID10428,266.0,429.0952380952381
ID15094,266.0,495.3809523809524
ID11319,266.0,500.5238095238095
ID12175,266.0,413.5238095238095
ID13165,267.0,649.1904761904761
ID14053,267.0,797.3809523809524
ID10431,267.0,422.8095238095238
ID15097,267.0,491.9047619047619
ID11321,267.0,499.14285714285717
ID12177,267.0,409.14285714285717
ID13168,268.0,648.0952380952381
ID14055,268.0,791.4285714285714
ID10434,268.0,423.0
ID15100,268.0,499.3333333333333
ID11323,268.0,505.3333333333333
ID12179,268.0,394.0952380952381
ID13171,269.0,640.7142857142857
ID14057,269.0,794.7142857142857
ID10437,269.0,429.0
ID15103,269.0,484.8095238095238
ID11325,269.0,497.85714285714283
ID12181,269.0,387.76190476190476
ID13174,270.0,630.8095238095239
ID14059,270.0,799.952380952381
ID10440,270.0,421.3333333333333
ID15106,270.0,461.23809523809524
ID11327,270.0,508.95238095238096
ID12183,270.0,378.2857142857143
ID13177,271.0,633.3809523809524
ID14061,271.0,805.047619047619
ID10443,271.0,407.3809523809524
ID15109,271.0,474.6666666666667
ID11329,271.0,491.4761904761905
ID12185,271.0,380.5238095238095
ID13180,272.0,640.0
ID14063,272.0,780.0
ID10446,272.0,407.04761904761904
ID15112,272.0,474.95238095238096
ID11331,272.0,494.4761904761905
ID12187,272.0,369.23809523809524
ID13183,273.0,626.9047619047619
ID14065,273.0,783.2857142857143
ID10449,273.0,405.4761904761905
ID15115,273.0,468.42857142857144
ID11333,273.0,490.3809523809524
ID12189,273.0,364.0952380952381
ID13186,274.0,633.952380952381
ID14067,274.0,782.4761904761905
ID10452,274.0,404.0
ID15118,274.0,468.85714285714283
ID11335,274.0,497.42857142857144
ID12191,274.0,375.76190476190476
ID13189,275.0,606.8571428571429
ID14069,275.0,787.7142857142857
ID10455,275.0,421.0952380952381
ID15121,275.0,456.42857142857144
ID11337,275.0,471.3809523809524
ID12193,275.0,361.3333333333333
ID13192,276.0,618.3809523809524
ID14071,276.0,764.0952380952381
ID10458,276.0,388.14285714285717
ID15124,276.0,457.8095238095238
ID11339,276.0,476.9047619047619
ID12195,276.0,367.3809523809524
ID13195,277.0,608.3809523809524
ID14073,277.0,797.5714285714286
ID10461,277.0,399.57142857142856
ID15127,277.0,456.85714285714283
ID11341,277.0,465.57142857142856
ID12197,277.0,362.6190476190476
ID13198,278.0,623.5714285714286
ID14075,278.0,763.4761904761905
ID10464,278.0,418.3333333333333
ID15130,278.0,466.23809523809524
ID11343,278.0,471.6190476190476
ID12199,278.0,363.7142857142857
ID13201,279.0,622.4285714285714
ID14077,279.0,789.2857142857143
ID10467,279.0,418.04761904761904
ID15133,279.0,467.76190476190476
ID11345,279.0,463.23809523809524
ID12201,279.0,360.04761904761904
ID13204,280.0,638.3809523809524
ID14079,280.0,781.1428571428571
ID10470,280.0,409.8095238095238
ID15136,280.0,469.8095238095238
ID11347,280.0,476.04761904761904
ID12203,280.0,357.23809523809524
ID13207,281.0,691.5714285714286
ID14081,281.0,896.5238095238095
ID10473,281.0,466.1904761904762
ID15139,281.0,455.8095238095238
ID11349,281.0,533.0952380952381
ID12205,281.0,391.04761904761904
ID13210,282.0,647.0
ID14083,282.0,804.1904761904761
ID10476,282.0,416.85714285714283
ID15142,282.0,459.6190476190476
ID11351,282.0,472.42857142857144
ID12207,282.0,363.0
ID13213,283.0,669.0952380952381
ID14085,283.0,829.6666666666666
ID10479,283.0,445.7142857142857
ID15145,283.0,480.42857142857144
ID11353,283.0,499.76190476190476
ID12209,283.0,370.0
ID13216,284.0,656.6666666666666
ID14087,284.0,820.6190476190476
ID10482,284.0,438.14285714285717
ID15148,284.0,463.14285714285717
ID11355,284.0,495.9047619047619
ID12211,284.0,368.8095238095238
ID13219,285.0,648.4761904761905
ID14089,285.0,837.4761904761905
ID10485,285.0,438.0952380952381
ID15151,285.0,487.6666666666667
ID11357,285.0,507.57142857142856
ID12213,285.0,364.2857142857143
ID13222,286.0,635.4761904761905
ID14091,286.0,812.8571428571429
ID10488,286.0,434.1904761904762
ID15154,286.0,468.3333333333333
ID11359,286.0,503.5238095238095
ID12215,286.0,359.76190476190476
ID13225,287.0,642.6666666666666
ID14093,287.0,835.1428571428571
ID10491,287.0,433.6190476190476
ID15157,287.0,469.23809523809524
ID11361,287.0,496.6190476190476
ID12227,287.0,373.2857142857143
ID13228,288.0,656.047619047619
ID14095,288.0,817.4761904761905
ID10494,288.0,438.7142857142857
ID15160,288.0,474.9047619047619
ID11363,288.0,498.6666666666667
ID12229,288.0,363.76190476190476
ID13231,289.0,557.2857142857143
ID14097,289.0,657.952380952381
ID10497,289.0,373.76190476190476
ID15163,289.0,474.3809523809524
ID11365,289.0,420.14285714285717
ID12221,289.0,350.57142857142856
ID13233,290.0,661.6666666666666
ID14099,290.0,876.1904761904761
ID10500,290.0,448.9047619047619
ID15169,290.0,485.42857142857144
ID11367,290.0,549.2380952380952
ID12234,290.0,378.85714285714283
ID13236,291.0,585.047619047619
ID14101,291.0,698.3333333333334
ID10503,291.0,401.23809523809524
ID15172,291.0,465.7142857142857
ID11369,291.0,438.3333333333333
ID12236,291.0,358.04761904761904
ID13238,292.0,607.047619047619
ID14103,292.0,759.7142857142857
ID10506,292.0,403.1904761904762
ID15175,292.0,458.0952380952381
ID11371,292.0,471.23809523809524
ID12238,292.0,362.6666666666667
ID13241,293.0,623.9047619047619
ID14105,293.0,776.5238095238095
ID10509,293.0,404.42857142857144
ID15178,293.0,468.95238095238096
ID11373,293.0,463.0952380952381
ID12240,293.0,362.95238095238096
ID13244,294.0,616.1428571428571
ID14107,294.0,770.3333333333334
ID10512,294.0,409.6666666666667
ID15181,294.0,527.952380952381
ID11375,294.0,469.85714285714283
ID12242,294.0,365.57142857142856
ID13247,295.0,624.5238095238095
ID14109,295.0,773.1904761904761
ID10515,295.0,420.1904761904762
ID15184,295.0,465.85714285714283
ID11377,295.0,460.14285714285717
ID12244,295.0,354.8095238095238
ID13250,296.0,620.0
ID14111,296.0,786.4761904761905
ID10518,296.0,394.76190476190476
ID15187,296.0,461.23809523809524
ID11379,296.0,477.42857142857144
ID12246,296.0,365.6666666666667
ID13253,297.0,619.8095238095239
ID14113,297.0,757.3333333333334
ID10521,297.0,405.6666666666667
ID15190,297.0,464.23809523809524
ID11381,297.0,462.95238095238096
ID12248,297.0,355.04761904761904
ID13256,298.0,612.4761904761905
ID14115,298.0,757.2857142857143
ID10524,298.0,398.76190476190476
ID15193,298.0,449.04761904761904
ID11383,298.0,461.9047619047619
ID12250,298.0,367.3809523809524
ID13259,299.0,608.952380952381
ID14117,299.0,765.5238095238095
ID10527,299.0,418.3333333333333
ID15196,299.0,459.9047619047619
ID11385,299.0,466.2857142857143
ID12252,299.0,359.5238095238095
ID13262,300.0,619.3333333333334
ID14119,300.0,767.6666666666666
ID10530,300.0,408.5238095238095
ID15199,300.0,468.0
ID11387,300.0,458.42857142857144
ID12254,300.0,365.23809523809524
ID13265,301.0,595.3809523809524
ID14121,301.0,770.3809523809524
ID10533,301.0,402.85714285714283
ID15202,301.0,455.76190476190476
ID11389,301.0,460.6190476190476
ID12256,301.0,351.3809523809524
ID13268,302.0,628.8095238095239
ID14123,302.0,756.0952380952381
ID10536,302.0,409.8095238095238
ID15205,302.0,448.95238095238096
ID11391,302.0,470.8095238095238
ID12258,302.0,372.57142857142856
ID13271,303.0,601.6190476190476
ID14125,303.0,754.3333333333334
ID10539,303.0,399.0
ID15208,303.0,448.42857142857144
ID11393,303.0,460.76190476190476
ID12260,303.0,359.6666666666667
ID13274,304.0,618.5238095238095
ID14127,304.0,769.3333333333334
ID10542,304.0,393.0
ID15211,304.0,444.1904761904762
ID11396,304.0,465.76190476190476
ID12262,304.0,360.3333333333333
ID13277,305.0,582.2380952380952
ID14129,305.0,721.952380952381
ID10545,305.0,388.57142857142856
ID15214,305.0,480.42857142857144
ID11398,305.0,459.3333333333333
ID12264,305.0,350.4761904761905
ID13280,306.0,608.6666666666666
ID14131,306.0,714.3333333333334
ID10548,306.0,399.14285714285717
ID15217,306.0,484.23809523809524
ID11400,306.0,466.1904761904762
ID12266,306.0,350.4761904761905
ID13283,307.0,606.7619047619048
ID14133,307.0,712.9047619047619
ID10551,307.0,398.76190476190476
ID15220,307.0,437.4761904761905
ID11402,307.0,461.3809523809524
ID12268,307.0,353.0
ID13286,308.0,594.2380952380952
ID14135,308.0,717.952380952381
ID10554,308.0,392.04761904761904
ID15223,308.0,441.0952380952381
ID11404,308.0,460.57142857142856
ID12270,308.0,344.2857142857143
ID13289,309.0,581.7142857142857
ID14137,309.0,697.6190476190476
ID10557,309.0,399.23809523809524
ID15226,309.0,503.3333333333333
ID11406,309.0,456.95238095238096
ID12272,309.0,356.0952380952381
ID13292,310.0,599.0952380952381
ID14139,310.0,679.2857142857143
ID10560,310.0,398.7142857142857
ID15229,310.0,494.7142857142857
ID11408,310.0,452.4761904761905
ID12274,310.0,348.95238095238096
ID13295,311.0,588.4761904761905
ID14141,311.0,699.6190476190476
ID10563,311.0,392.0952380952381
ID15232,311.0,502.4761904761905
ID11410,311.0,453.0952380952381
ID12276,311.0,342.42857142857144
ID13298,312.0,602.5714285714286
ID14143,312.0,689.0952380952381
ID10566,312.0,391.0
ID15235,312.0,507.4761904761905
ID11412,312.0,446.2857142857143
ID12278,312.0,356.6666666666667
ID13301,313.0,592.3809523809524
ID14145,313.0,692.0952380952381
ID10569,313.0,389.9047619047619
ID15238,313.0,485.57142857142856
ID11414,313.0,445.4761904761905
ID12280,313.0,343.6666666666667
ID13304,314.0,594.7142857142857
ID14147,314.0,690.1904761904761
ID10572,314.0,384.42857142857144
ID15241,314.0,497.0952380952381
ID11416,314.0,460.0952380952381
ID12282,314.0,354.04761904761904
ID13307,315.0,583.2857142857143
ID14149,315.0,693.5714285714286
ID10575,315.0,394.5238095238095
ID15244,315.0,502.5238095238095
ID11418,315.0,452.7142857142857
ID12284,315.0,353.3809523809524
ID13310,316.0,578.0952380952381
ID14151,316.0,694.1904761904761
ID10578,316.0,381.04761904761904
ID15247,316.0,495.9047619047619
ID11420,316.0,449.14285714285717
ID12286,316.0,350.0952380952381
ID12288,317.0,345.0
ID13313,317.0,598.4761904761905
ID14153,317.0,698.9047619047619
ID10581,317.0,374.95238095238096
ID15250,317.0,496.57142857142856
ID11422,317.0,433.6666666666667
ID12290,318.0,353.42857142857144
ID13316,318.0,569.8095238095239
ID14155,318.0,707.4285714285714
ID10584,318.0,399.4761904761905
ID15253,318.0,474.3333333333333
ID11424,318.0,434.3333333333333
ID12292,319.0,342.4761904761905
ID13319,319.0,594.7619047619048
ID14157,319.0,690.2380952380952
ID10587,319.0,395.85714285714283
ID15256,319.0,469.5238095238095
ID11426,319.0,430.95238095238096
ID12294,320.0,358.4761904761905
ID13322,320.0,634.2857142857143
ID14159,320.0,812.1428571428571
ID10590,320.0,444.1904761904762
ID15259,320.0,471.9047619047619
ID11428,320.0,482.4761904761905
ID12296,321.0,369.0
ID13325,321.0,616.5238095238095
ID14161,321.0,832.6190476190476
ID10593,321.0,435.95238095238096
ID15262,321.0,476.42857142857144
ID11430,321.0,480.04761904761904
ID12298,322.0,360.5238095238095
ID13328,322.0,640.2380952380952
ID14163,322.0,819.1428571428571
ID10596,322.0,434.8095238095238
ID15265,322.0,462.23809523809524
ID11432,322.0,489.9047619047619
ID12300,323.0,357.7142857142857
ID13331,323.0,623.0
ID14165,323.0,808.1428571428571
ID10599,323.0,410.95238095238096
ID15268,323.0,453.85714285714283
ID11434,323.0,474.8095238095238
ID12302,324.0,352.0952380952381
ID13334,324.0,631.5714285714286
ID14167,324.0,763.1904761904761
ID10602,324.0,432.57142857142856
ID15271,324.0,435.42857142857144
ID11436,324.0,466.3809523809524
ID12304,325.0,354.3333333333333
ID13337,325.0,625.9047619047619
ID14169,325.0,733.4285714285714
ID10605,325.0,418.1904761904762
ID15274,325.0,441.04761904761904
ID11438,325.0,464.57142857142856
ID12306,326.0,352.3809523809524
ID13340,326.0,616.3333333333334
ID14171,326.0,732.8571428571429
ID10608,326.0,414.4761904761905
ID15277,326.0,447.04761904761904
ID11440,326.0,479.95238095238096
ID12308,327.0,359.42857142857144
ID13343,327.0,615.3333333333334
ID14173,327.0,712.0952380952381
ID10611,327.0,414.0952380952381
ID15280,327.0,443.57142857142856
ID11442,327.0,473.6666666666667
ID12310,328.0,351.7142857142857
ID13346,328.0,612.1428571428571
ID14175,328.0,733.952380952381
ID10614,328.0,396.04761904761904
ID15283,328.0,436.04761904761904
ID11444,328.0,478.3333333333333
ID12312,329.0,354.3809523809524
ID13349,329.0,632.6190476190476
ID14177,329.0,714.5238095238095
ID10617,329.0,404.9047619047619
ID15286,329.0,455.1904761904762
ID11446,329.0,479.2857142857143
ID12314,330.0,357.95238095238096
ID13352,330.0,635.0
ID14179,330.0,726.8095238095239
ID10620,330.0,415.8095238095238
ID15289,330.0,449.0952380952381
ID11448,330.0,475.7142857142857
ID12316,331.0,350.04761904761904
ID13355,331.0,626.6666666666666
ID14181,331.0,721.8095238095239
ID10623,331.0,433.1904761904762
ID15292,331.0,487.23809523809524
ID11450,331.0,461.2857142857143
ID12318,332.0,357.76190476190476
ID13358,332.0,624.1428571428571
ID14183,332.0,727.4761904761905
ID10626,332.0,414.6190476190476
ID15295,332.0,498.95238095238096
ID11452,332.0,474.42857142857144
ID12320,333.0,368.14285714285717
ID13361,333.0,623.0
ID14185,333.0,758.7142857142857
ID10629,333.0,417.04761904761904
ID15298,333.0,448.95238095238096
ID11454,333.0,465.1904761904762
ID12322,334.0,353.0
ID13364,334.0,609.047619047619
ID14187,334.0,738.0952380952381
ID10632,334.0,416.14285714285717
ID15301,334.0,498.6190476190476
ID11456,334.0,473.7142857142857
ID12324,335.0,361.3809523809524
ID13367,335.0,624.8095238095239
ID14189,335.0,748.5238095238095
ID10635,335.0,410.4761904761905
ID15304,335.0,501.2857142857143
ID11458,335.0,473.57142857142856
ID12326,336.0,343.9047619047619
ID13370,336.0,620.2380952380952
ID14191,336.0,712.8095238095239
ID10638,336.0,409.14285714285717
ID15307,336.0,431.4761904761905
ID11460,336.0,470.57142857142856
ID12328,337.0,356.6190476190476
ID13373,337.0,619.4761904761905
ID14193,337.0,756.5238095238095
ID10641,337.0,402.04761904761904
ID15310,337.0,447.3809523809524
ID11462,337.0,485.3809523809524
ID12330,338.0,357.7142857142857
ID13376,338.0,617.1428571428571
ID14195,338.0,743.4285714285714
ID10644,338.0,404.57142857142856
ID15313,338.0,501.3809523809524
ID11464,338.0,482.76190476190476
ID12332,339.0,360.7142857142857
ID13379,339.0,629.9047619047619
ID14197,339.0,732.7142857142857
ID10647,339.0,420.42857142857144
ID15316,339.0,488.3333333333333
ID11466,339.0,478.3333333333333
ID12334,340.0,357.85714285714283
ID13382,340.0,622.2380952380952
ID14199,340.0,754.2380952380952
ID10650,340.0,417.4761904761905
ID15319,340.0,454.95238095238096
ID11469,340.0,462.0
ID12336,341.0,351.23809523809524
ID13385,341.0,607.8571428571429
ID14201,341.0,770.3809523809524
ID10653,341.0,392.76190476190476
ID15322,341.0,490.0
ID11471,341.0,460.1904761904762
ID12340,342.0,362.0952380952381
ID13388,342.0,610.1428571428571
ID14203,342.0,749.3809523809524
ID10656,342.0,399.3809523809524
ID15325,342.0,491.76190476190476
ID11473,342.0,474.4761904761905
ID12338,343.0,361.3809523809524
ID13391,343.0,637.2380952380952
ID14205,343.0,753.0
ID10659,343.0,404.3333333333333
ID15328,343.0,447.3809523809524
ID11475,343.0,474.5238095238095
ID12342,344.0,366.76190476190476
ID13394,344.0,613.5238095238095
ID14207,344.0,749.7619047619048
ID10662,344.0,419.8095238095238
ID15331,344.0,434.9047619047619
ID11477,344.0,474.4761904761905
ID12423,345.0,380.4761904761905
ID13397,345.0,609.4285714285714
ID14209,345.0,762.7142857142857
ID10665,345.0,411.6666666666667
ID15334,345.0,440.5238095238095
ID11479,345.0,479.76190476190476
ID12344,346.0,365.0952380952381
ID13400,346.0,627.8571428571429
ID14211,346.0,731.2380952380952
ID10668,346.0,421.23809523809524
ID15337,346.0,504.95238095238096
ID11481,346.0,479.57142857142856
ID12346,347.0,360.85714285714283
ID13403,347.0,609.8095238095239
ID14213,347.0,747.7142857142857
ID10671,347.0,399.42857142857144
ID15340,347.0,448.3333333333333
ID11483,347.0,477.3333333333333
ID12348,348.0,366.0
ID13406,348.0,617.4761904761905
ID14215,348.0,746.0952380952381
ID10674,348.0,407.2857142857143
ID15343,348.0,497.95238095238096
ID11485,348.0,472.23809523809524
ID12350,349.0,363.0952380952381
ID13409,349.0,626.8095238095239
ID14217,349.0,750.6190476190476
ID10677,349.0,417.14285714285717
ID15346,349.0,499.5238095238095
ID11487,349.0,482.4761904761905
ID12352,350.0,356.1904761904762
ID13412,350.0,631.9047619047619
ID14219,350.0,742.952380952381
ID10680,350.0,415.9047619047619
ID15349,350.0,495.2857142857143
ID11489,350.0,470.6666666666667
ID12354,351.0,364.85714285714283
ID13415,351.0,632.6666666666666
ID14221,351.0,747.8095238095239
ID10683,351.0,404.3809523809524
ID15352,351.0,487.9047619047619
ID11491,351.0,478.23809523809524
ID12356,352.0,350.4761904761905
ID13418,352.0,618.8095238095239
ID14223,352.0,748.1428571428571
ID10686,352.0,394.1904761904762
ID15355,352.0,490.0952380952381
ID11493,352.0,474.3809523809524
ID12358,353.0,348.57142857142856
ID13421,353.0,620.4761904761905
ID14225,353.0,745.2380952380952
ID10689,353.0,414.1904761904762
ID15358,353.0,436.42857142857144
ID11495,353.0,475.3809523809524
ID12360,354.0,360.5238095238095
ID13424,354.0,618.3809523809524
ID14227,354.0,735.3809523809524
ID10692,354.0,415.23809523809524
ID15361,354.0,491.0
ID11497,354.0,478.57142857142856
ID12366,355.0,364.1904761904762
ID13427,355.0,626.0
ID14229,355.0,741.7142857142857
ID10695,355.0,401.3333333333333
ID15364,355.0,505.76190476190476
ID11499,355.0,472.04761904761904
ID12362,356.0,352.5238095238095
ID13430,356.0,614.8095238095239
ID14231,356.0,758.9047619047619
ID10698,356.0,408.04761904761904
ID15367,356.0,480.4761904761905
ID11501,356.0,460.42857142857144
ID12364,357.0,352.0952380952381
ID13433,357.0,602.3809523809524
ID14233,357.0,745.3333333333334
ID10701,357.0,429.6666666666667
ID15370,357.0,475.85714285714283
ID11503,357.0,472.57142857142856
ID12368,358.0,351.9047619047619
ID13436,358.0,611.952380952381
ID14235,358.0,746.1904761904761
ID10704,358.0,391.3809523809524
ID15373,358.0,477.3809523809524
ID11505,358.0,463.6666666666667
ID12370,359.0,357.95238095238096
ID13439,359.0,605.6666666666666
ID14237,359.0,742.4761904761905
ID10707,359.0,395.1904761904762
ID15376,359.0,482.95238095238096
ID11507,359.0,465.4761904761905
ID12372,360.0,357.0952380952381
ID13442,360.0,625.952380952381
ID14239,360.0,746.3333333333334
ID10710,360.0,397.23809523809524
ID15379,360.0,494.8095238095238
ID11509,360.0,481.76190476190476
ID12427,361.0,389.42857142857144
ID13445,361.0,636.6190476190476
ID14241,361.0,760.8095238095239
ID10713,361.0,413.5238095238095
ID15382,361.0,481.8095238095238
ID11511,361.0,474.3333333333333
ID12374,362.0,361.85714285714283
ID13448,362.0,623.6190476190476
ID14243,362.0,759.0
ID10716,362.0,403.95238095238096
ID15385,362.0,490.76190476190476
ID11513,362.0,466.2857142857143
ID12376,363.0,369.0952380952381
ID13451,363.0,622.0
ID14245,363.0,747.0
ID10719,363.0,403.3809523809524
ID15388,363.0,468.3809523809524
ID11515,363.0,476.0952380952381
ID12378,364.0,365.1904761904762
ID13454,364.0,615.047619047619
ID14247,364.0,748.6666666666666
ID10722,364.0,427.6190476190476
ID15391,364.0,464.5238095238095
ID11517,364.0,468.23809523809524
ID12380,365.0,376.3809523809524
ID13457,365.0,636.7142857142857
ID14249,365.0,747.7619047619048
ID10725,365.0,419.0
ID15394,365.0,475.6190476190476
ID11519,365.0,462.4761904761905
ID12382,366.0,365.23809523809524
ID13461,366.0,626.6666666666666
ID14251,366.0,762.6190476190476
ID10728,366.0,409.3809523809524
ID15397,366.0,457.42857142857144
ID11521,366.0,482.95238095238096
ID12384,367.0,362.8095238095238
ID13464,367.0,627.4761904761905
ID14253,367.0,761.1904761904761
ID10731,367.0,399.85714285714283
ID15400,367.0,459.23809523809524
ID11523,367.0,482.7142857142857
ID12386,368.0,367.9047619047619
ID13467,368.0,641.8571428571429
ID14255,368.0,761.952380952381
ID10734,368.0,406.42857142857144
ID15403,368.0,458.3809523809524
ID11525,368.0,475.14285714285717
ID12388,369.0,366.2857142857143
ID13470,369.0,633.4285714285714
ID14257,369.0,753.4285714285714
ID10737,369.0,400.3809523809524
ID15406,369.0,457.6666666666667
ID11527,369.0,478.3809523809524
ID12390,370.0,372.4761904761905
ID13473,370.0,634.3333333333334
ID14259,370.0,752.3333333333334
ID10740,370.0,401.0
ID15409,370.0,471.3333333333333
ID11529,370.0,472.95238095238096
ID12392,371.0,373.5238095238095
ID13476,371.0,617.6666666666666
ID14261,371.0,750.9047619047619
ID10743,371.0,393.95238095238096
ID15412,371.0,473.9047619047619
ID11531,371.0,467.5238095238095
ID12394,372.0,372.6666666666667
ID13479,372.0,624.1428571428571
ID14263,372.0,760.0952380952381
ID10746,372.0,403.3333333333333
ID15415,372.0,465.8095238095238
ID11533,372.0,470.04761904761904
ID12396,373.0,364.0
ID13482,373.0,617.7142857142857
ID14265,373.0,757.8095238095239
ID10749,373.0,400.0
ID15418,373.0,457.5238095238095
ID11535,373.0,471.7142857142857
ID12398,374.0,364.2857142857143
ID13485,374.0,606.0
ID14267,374.0,762.9047619047619
ID10752,374.0,394.2857142857143
ID15421,374.0,467.76190476190476
ID11537,374.0,469.8095238095238
ID12400,375.0,361.5238095238095
ID13488,375.0,618.2380952380952
ID14269,375.0,752.0952380952381
ID10755,375.0,392.3809523809524
ID15424,375.0,447.7142857142857
ID11539,375.0,469.3809523809524
ID12402,376.0,356.85714285714283
ID13491,376.0,589.0
ID14271,376.0,744.6190476190476
ID10758,376.0,396.0
ID15427,376.0,455.7142857142857
ID11541,376.0,446.57142857142856
ID12404,377.0,361.04761904761904
ID13494,377.0,588.6666666666666
ID14273,377.0,749.9047619047619
ID10761,377.0,397.5238095238095
ID15430,377.0,442.1904761904762
ID11543,377.0,440.57142857142856
ID12406,378.0,356.04761904761904
ID13497,378.0,590.4285714285714
ID14275,378.0,741.2380952380952
ID10764,378.0,403.9047619047619
ID15433,378.0,442.42857142857144
ID11545,378.0,462.6190476190476
ID12408,379.0,363.7142857142857
ID13500,379.0,591.5238095238095
ID14277,379.0,728.8571428571429
ID10767,379.0,411.3333333333333
ID15436,379.0,458.57142857142856
ID11547,379.0,443.23809523809524
ID12410,380.0,355.23809523809524
ID13503,380.0,598.2857142857143
ID14279,380.0,744.3333333333334
ID10770,380.0,398.6190476190476
ID15439,380.0,450.9047619047619
ID11549,380.0,436.14285714285717
ID12412,381.0,366.4761904761905
ID13506,381.0,611.4761904761905
ID14281,381.0,754.4761904761905
ID10773,381.0,390.5238095238095
ID15442,381.0,455.2857142857143
ID11551,381.0,444.6190476190476
ID12420,382.0,366.04761904761904
ID13509,382.0,603.952380952381
ID14283,382.0,748.8095238095239
ID10776,382.0,414.0
ID15445,382.0,459.23809523809524
ID11553,382.0,447.2857142857143
